<collection xmlns="http://exist.sourceforge.net/NS/exist" name="/db/ATU/XML" owner="adminuser" group="guest" mode="775" created="2023-10-31T17:19:40+01:00" deduplicate-blobs="false" version="2">
    <acl entries="0" version="1"/>
    <resource type="XMLResource" name="deu_Proehle_1853_Nr_5_a303_a300.xml" owner="adminuser" group="guest" mode="775" created="2023-10-31T17:20:07+01:00" modified="2023-11-02T21:32:22+01:00" filename="deu_Proehle_1853_Nr_5_a303_a300.xml" mimetype="application/xml">
        <acl entries="0" version="1"/>
    </resource>
    <resource type="XMLResource" name="kat_fav41%20gv61.xml" owner="adminuser" group="guest" mode="775" created="2023-10-31T17:20:10+01:00" modified="2023-11-02T21:37:07+01:00" filename="kat_fav41 gv61.xml" mimetype="application/xml">
        <acl entries="0" version="1"/>
    </resource>
    <resource type="XMLResource" name="kat_fauf0070gv2.xml" owner="adminuser" group="guest" mode="775" created="2023-10-31T17:20:10+01:00" modified="2023-11-02T21:36:50+01:00" filename="kat_fauf0070gv2.xml" mimetype="application/xml">
        <acl entries="0" version="1"/>
    </resource>
    <resource type="XMLResource" name="kat_fak2%20gv107.xml" owner="adminuser" group="guest" mode="775" created="2023-10-31T17:20:10+01:00" modified="2023-11-02T21:36:32+01:00" filename="kat_fak2 gv107.xml" mimetype="application/xml">
        <acl entries="0" version="1"/>
    </resource>
    <resource type="XMLResource" name="kat_faa00028.xml" owner="adminuser" group="guest" mode="775" created="2023-10-31T17:20:10+01:00" modified="2023-11-02T21:36:19+01:00" filename="kat_faa00028.xml" mimetype="application/xml">
        <acl entries="0" version="1"/>
    </resource>
    <resource type="XMLResource" name="kat_bskifa_20_168-178.xml" owner="adminuser" group="guest" mode="775" created="2023-10-31T17:20:09+01:00" modified="2023-11-02T21:35:59+01:00" filename="kat_bskifa_20_168-178.xml" mimetype="application/xml">
        <acl entries="0" version="1"/>
    </resource>
    <resource type="XMLResource" name="kat_bskifa_20_102-113.xml" owner="adminuser" group="guest" mode="775" created="2023-10-31T17:20:09+01:00" modified="2023-11-04T21:55:52+01:00" filename="kat_bskifa_20_102-113.xml" mimetype="application/xml">
        <acl entries="0" version="1"/>
    </resource>
    <resource type="XMLResource" name="kat_bskifa_17_79.xml" owner="adminuser" group="guest" mode="775" created="2023-10-31T17:20:09+01:00" modified="2023-11-02T21:35:27+01:00" filename="kat_bskifa_17_79.xml" mimetype="application/xml">
        <acl entries="0" version="1"/>
    </resource>
    <resource type="XMLResource" name="kat_bskifa_15_30.xml" owner="adminuser" group="guest" mode="775" created="2023-10-31T17:20:09+01:00" modified="2023-11-02T21:35:16+01:00" filename="kat_bskifa_15_30.xml" mimetype="application/xml">
        <acl entries="0" version="1"/>
    </resource>
    <resource type="XMLResource" name="kat_bskifa_12_91-106.xml" owner="adminuser" group="guest" mode="775" created="2023-10-31T17:20:09+01:00" modified="2023-11-02T21:34:01+01:00" filename="kat_bskifa_12_91-106.xml" mimetype="application/xml">
        <acl entries="0" version="1"/>
    </resource>
    <resource type="XMLResource" name="kat_bskifa_3_129-131.xml" owner="adminuser" group="guest" mode="775" created="2023-10-31T17:20:09+01:00" modified="2023-11-02T21:33:47+01:00" filename="kat_bskifa_3_129-131.xml" mimetype="application/xml">
        <acl entries="0" version="1"/>
    </resource>
    <resource type="XMLResource" name="kat_bskifa_2_1.xml" owner="adminuser" group="guest" mode="775" created="2023-10-31T17:20:09+01:00" modified="2023-11-02T21:33:33+01:00" filename="kat_bskifa_2_1.xml" mimetype="application/xml">
        <acl entries="0" version="1"/>
    </resource>
    <resource type="XMLResource" name="deu_Proehle_1853_4_a575_a562_a300.xml" owner="adminuser" group="guest" mode="775" created="2023-10-31T17:20:09+01:00" modified="2023-11-04T21:52:36+01:00" filename="deu_Proehle_1853_4_a575_a562_a300.xml" mimetype="application/xml">
        <acl entries="0" version="1"/>
    </resource>
    <resource type="XMLResource" name="deu_Meier_1852_58_Der_Drachentoedter_a303_a554_a300.xml" owner="adminuser" group="guest" mode="775" created="2023-10-31T17:20:09+01:00" modified="2023-11-02T21:31:53+01:00" filename="deu_Meier_1852_58_Der_Drachentoedter_a303_a554_a300.xml" mimetype="application/xml">
        <acl entries="0" version="1"/>
    </resource>
    <resource type="XMLResource" name="deu_Grimm_KHM_60_a567_a554_a303_a300.xml" owner="adminuser" group="guest" mode="775" created="2023-10-31T17:20:09+01:00" modified="2023-11-04T21:13:53+01:00" filename="deu_Grimm_KHM_60_a567_a554_a303_a300.xml" mimetype="application/xml">
        <acl entries="0" version="1"/>
    </resource>
    <resource type="XMLResource" name="deu_Cammann_Karasek_4_457_a326_a300.xml" owner="adminuser" group="guest" mode="775" created="2023-10-31T17:20:08+01:00" modified="2023-11-02T21:30:45+01:00" filename="deu_Cammann_Karasek_4_457_a326_a300.xml" mimetype="application/xml">
        <acl entries="0" version="1"/>
    </resource>
    <resource type="XMLResource" name="deu_Cammann_Karasek_4_449_a300_a303_a554.xml" owner="adminuser" group="guest" mode="775" created="2023-10-31T17:20:08+01:00" modified="2023-11-02T21:30:29+01:00" filename="deu_Cammann_Karasek_4_449_a300_a303_a554.xml" mimetype="application/xml">
        <acl entries="0" version="1"/>
    </resource>
    <resource type="XMLResource" name="deu_Cammann_Karasek_4_426_a567_a544_a303_a300.xml" owner="adminuser" group="guest" mode="775" created="2023-10-31T17:20:08+01:00" modified="2023-11-02T21:30:13+01:00" filename="deu_Cammann_Karasek_4_426_a567_a544_a303_a300.xml" mimetype="application/xml">
        <acl entries="0" version="1"/>
    </resource>
    <resource type="XMLResource" name="deu_Cammann_Karasek_4_336_3_a567_a303_a300.xml" owner="adminuser" group="guest" mode="775" created="2023-10-31T17:20:08+01:00" modified="2023-11-04T20:09:01+01:00" filename="deu_Cammann_Karasek_4_336_3_a567_a303_a300.xml" mimetype="application/xml">
        <acl entries="0" version="1"/>
    </resource>
    <resource type="XMLResource" name="deu_Cammann_Karasek_2_417_a300_a303.xml" owner="adminuser" group="guest" mode="775" created="2023-10-31T17:20:08+01:00" modified="2023-11-03T11:00:56+01:00" filename="deu_Cammann_Karasek_2_417_a300_a303.xml" mimetype="application/xml">
        <acl entries="0" version="1"/>
    </resource>
    <resource type="XMLResource" name="deu_Cammann_Karasek_1_75_a300_a851.xml" owner="adminuser" group="guest" mode="775" created="2023-10-31T17:20:08+01:00" modified="2023-11-04T16:00:01+01:00" filename="deu_Cammann_Karasek_1_75_a300_a851.xml" mimetype="application/xml">
        <acl entries="0" version="1"/>
    </resource>
    <resource type="XMLResource" name="deu_Bechstein_1971_Nr_49_300.xml" owner="adminuser" group="guest" mode="775" created="2023-10-31T17:20:08+01:00" modified="2023-11-02T21:29:11+01:00" filename="deu_Bechstein_1971_Nr_49_300.xml" mimetype="application/xml">
        <acl entries="0" version="1"/>
    </resource>
    <resource type="XMLResource" name="deu_Bechstein_1971_Nr_19_a300.xml" owner="adminuser" group="guest" mode="775" created="2023-10-31T17:20:08+01:00" modified="2023-11-02T21:28:44+01:00" filename="deu_Bechstein_1971_Nr_19_a300.xml" mimetype="application/xml">
        <acl entries="0" version="1"/>
    </resource>
    <resource type="XMLResource" name="deu_bear_1.xml" owner="adminuser" group="guest" mode="775" created="2023-10-31T17:20:08+01:00" modified="2023-11-02T21:28:01+01:00" filename="deu_bear_1.xml" mimetype="application/xml">
        <acl entries="0" version="1"/>
    </resource>
    <resource type="XMLResource" name="deu_bear.xml" owner="adminuser" group="guest" mode="775" created="2023-10-31T17:20:08+01:00" modified="2023-11-02T21:28:05+01:00" filename="deu_bear.xml" mimetype="application/xml">
        <acl entries="0" version="1"/>
    </resource>
    <resource type="XMLResource" name="deu_Bartsch_1879_I_474ff_a567_a300_a303.xml" owner="adminuser" group="guest" mode="775" created="2023-10-31T17:20:07+01:00" modified="2023-11-02T21:28:30+01:00" filename="deu_Bartsch_1879_I_474ff_a567_a300_a303.xml" mimetype="application/xml">
        <acl entries="0" version="1"/>
    </resource>
    <resource type="XMLResource" name="deu_Zingerle_Zingerle_1870_Nr_25_a303_a300.xml" owner="adminuser" group="guest" mode="775" created="2023-10-31T17:20:07+01:00" modified="2023-11-02T21:33:07+01:00" filename="deu_Zingerle_Zingerle_1870_Nr_25_a303_a300.xml" mimetype="application/xml">
        <acl entries="0" version="1"/>
    </resource>
    <resource type="XMLResource" name="deu_Sommer_1846_113ff_a303.xml" owner="adminuser" group="guest" mode="775" created="2023-10-31T17:20:07+01:00" modified="2023-11-02T21:32:53+01:00" filename="deu_Sommer_1846_113ff_a303.xml" mimetype="application/xml">
        <acl entries="0" version="1"/>
    </resource>
    <resource type="XMLResource" name="deu_Kuhn_Schwartz_1848_337ff_Nr_10_aCoM_a554_a300_a303.xml" owner="adminuser" group="guest" mode="775" created="2023-10-31T17:20:07+01:00" modified="2023-11-02T21:31:40+01:00" filename="deu_Kuhn_Schwartz_1848_337ff_Nr_10_aCoM_a554_a300_a303.xml" mimetype="application/xml">
        <acl entries="0" version="1"/>
    </resource>
    <resource type="XMLResource" name="deu_Grimm_KHM_1857_Nr_85_a555_aCoM_a303.xml" owner="adminuser" group="guest" mode="775" created="2023-10-31T17:20:07+01:00" modified="2023-11-04T21:47:36+01:00" filename="deu_Grimm_KHM_1857_Nr_85_a555_aCoM_a303.xml" mimetype="application/xml">
        <acl entries="0" version="1"/>
    </resource>
    <resource type="XMLResource" name="deu_Busch_1910_69ff_aCoM_a303_a300.xml" owner="adminuser" group="guest" mode="775" created="2023-10-31T17:20:07+01:00" modified="2023-11-02T21:29:26+01:00" filename="deu_Busch_1910_69ff_aCoM_a303_a300.xml" mimetype="application/xml">
        <acl entries="0" version="1"/>
    </resource>
</collection>