<TEI xmlns="http://www.tei-c.org/ns/1.0" xmlns:tgs="http://textgrid.info/namespaces/metadata/script/2010" xmlns:jxb="http://java.sun.com/xml/ns/jaxb" xmlns:tns="http://textgrid.info/namespaces/metadata/core/2010" xmlns:tgl="http://textgrid.info/namespaces/metadata/language/2010" xmlns:tei="http://www.tei-c.org/ns/1.0" xmlns:tgr="http://textgrid.info/namespaces/metadata/agent/2010" xmlns:xsi="http://www.w3.org/2001/XMLSchema-instance" xmlns:ed="http://www.dglab.uni-jena.de/atu/ns" xsi:schemaLocation="http://www.tei-c.org/ns/1.0 ../XSD/Schema/tei_all.xsd" xml:id="tg876" n="/Literatur/M/Bartsch, Karl/Märchen und Sagen/Sagen, Märchen und Gebräuche aus Meklenburg/Erster Band: Sagen und Märchen/Märchen und Legenden/2. Ein Siegfried-Märchen">
 <teiHeader xmlns:a="http://www.textgrid.info/namespace/digibib/authors" xmlns:xi="http://www.w3.org/2001/XInclude" xmlns:fn="http://www.w3.org/2005/xpath-functions">
  <fileDesc>
   <titleStmt>
    <title>Ein Siegfried-Märchen. Deutsches Märchen. Annotiert nach dem Content-Annotationsstandard (ConAS)</title>
    <author/>
    <respStmt>
     <resp>Annotiert von</resp>
     <name>Melanie Zedler</name>
    </respStmt>
    <principal>unter der Leitung von <name> Elguja Dadunashvili</name>
    </principal>
   </titleStmt>
   <editionStmt>
    <edition>Studentische Arbeit im Rahmen des Seminars "Theorie und Praxis der vergleichenden Erzählforschung (digitale Erschließung)", Seminarleiter Elguja Dadunashvili <date>SomSem 2018</date>
    </edition>
   </editionStmt>
   <publicationStmt>
    <publisher>Friedrich-Schiller-Universität Jena</publisher>
    <pubPlace>Jena, Thüringen, Deutschland</pubPlace>
    <date>SomSem 2018</date>
    <availability>
     <p>Die im Rahmen des Seminars "Theorie und Praxis der vergleichenden Erzählforschung (digitale Erschließung)" angefertigte Annotation des Textes inklusive Metadaten wird unter der Lizenz CC0 1.0 Universal veröffentlicht. </p>
     <p>
      <ref target="https://creativecommons.org/publicdomain/zero/1.0/legalcode">Lizenzvertrag</ref>
     </p>
    </availability>
   </publicationStmt>
   <sourceDesc>
    <biblFull>
     <titleStmt>
      <title>
       <ref target="https://textgridrep.org/browse/-/browse/zhbs_0">2. Ein Siegfried-Märchen</ref>
      </title>
     </titleStmt>
     <publicationStmt>
      <publisher/>
      <idno type="handle">hdl:11858/00-1734-0000-0005-D975-3</idno>
      <idno type="TextGridUri">textgrid:zhbs.0</idno>
      <availability>
       <p> Der annotierte Datenbestand der Digitalen Bibliothek inklusive Metadaten sowie davon einzeln zugängliche Teile sind eine Abwandlung des Datenbestandes von www.editura.de durch TextGrid und werden unter der Lizenz Creative Commons Namensnennung 3.0 Deutschland Lizenz (by-Nennung TextGrid) veröffentlicht. Die Lizenz bezieht sich nicht auf die der Annotation zu Grunde liegenden allgemeinfreien Texte (Siehe auch Punkt 2 der Lizenzbestimmungen). </p>
       <p>
        <ref target="http://creativecommons.org/licenses/by/3.0/de/legalcode">Lizenzvertrag</ref>
       </p>
       <p>
        <ref target="http://creativecommons.org/licenses/by/3.0/de/"> Eine vereinfachte Zusammenfassung des rechtsverbindlichen Lizenzvertrages in allgemeinverständlicher Sprache </ref>
       </p>
       <p>
        <ref target="http://www.textgrid.de/Digitale-Bibliothek">Hinweise zur Lizenz und zur Digitalen Bibliothek</ref>
       </p>
       <p>Die im Rahmen des Seminars "Theorie und Praxis der vergleichenden Erzählforschung (digitale Erschließung)" angefertigte Annotation des Textes inklusive Metadaten wird unter der Lizenz Creative Commons Namensnennung 3.0 Deutschland Lizenz (by-Nennung des Seminars "Theorie und Praxis der vergleichenden Erzählforschung (digitale Erschließung)" veröffentlicht. </p>
      </availability>
     </publicationStmt>
     <sourceDesc>
      <biblFull>
       <titleStmt>
        <title>Karl Bartsch: Sagen, Märchen und Gebräuche aus Meklenburg 1–2. Wien: Braumüller, 1879/80.</title>
        <author key="pnd:118506943">Bartsch, Karl</author>
       </titleStmt>
       <extent>474-</extent>
       <publicationStmt>
        <publisher/>
        <date notBefore="1879" notAfter="1880"/>
        <pubPlace>Wien</pubPlace>
       </publicationStmt>
      </biblFull>
     </sourceDesc>
    </biblFull>
   </sourceDesc>
  </fileDesc>
  <profileDesc>
   <langUsage>
    <language ident="deu">
     <index indexName="iso639-3"/>
     <ref target="http://www-01.sil.org/iso639-3/codes.asp"/>
    </language>
   </langUsage>
   <creation>
    <placeName>
     <country>Deutschland</country>
     <region> Mecklenburg-Vorpommern</region>
     <district>Nordwestmecklenburg </district>
     <settlement>Neukloster</settlement>
     <geogName/>
     <geo>53.864823 11.685967</geo>
    </placeName>
    <date notBefore="1832" notAfter="1880"/>
   </creation>
   <particDesc>
    <person role="InformantIn">
     <persName>
      <forename/>
      <surname/>
     </persName>
     <sex value="m">menlich</sex>
     <age>11</age>
     <birth>
      <date/>
      <placeName>
       <country/>
       <district/>
       <settlement/>
       <geo/>
      </placeName>
     </birth>
     <education/>
     <residence>
      <placeName>
       <country/>
       <region/>
       <district/>
       <settlement/>
       <geo/>
      </placeName>
     </residence>
    </person>
    <person role="ForscherIn">
     <persName>
      <forename/>
      <surname>Bartsch</surname>
     </persName>
    </person>
   </particDesc>
   <textClass>
    <keywords scheme="http://textgrid.info/namespaces/metadata/core/2010#genre">
     <term>other</term>
    </keywords>
    <keywords>
     <term>
      <ed:atu a567="a567: Das wunderbare Vogelherz"/>
      <ed:atu a554="a554: Dankbare Tiere"/>
      <ed:atu a303="a303: Die zwei Bruder"/>
      <ed:atu a300="a300: Drachentöter"/>
     </term>
    </keywords>
   </textClass>
  </profileDesc>
 </teiHeader>
 <text>
  <front>
   <div type="front">
    <head type="h3" xml:id="tg869.2.1">
     <pb n="466" xml:id="tg869.2.1.1"/> Märchen und Legenden.</head>
   </div>
  </front>
  <body>
   <div type="text" xml:id="tg876.2">
    <div type="h4">
     <head type="h4" xml:id="tg876.2.1">2. Ein Siegfried-Märchen.</head>
     <ab>
      <ed:atu h567aHD="h567 a: HD Zwei Brüder"/>
      <ed:atu h567bOB="h567 b: OB Ein Vogel"/>
      <ed:atu h567bOB="h567 b: OB Ein Organ des Vogels"/>
      <ed:atu h567cAN="h567 c: AN Die Frau des HD"/>
      <ed:atu h567fZM="h567 f: ZM Ein Zaubermittel das einen Menschen in Esel verwandelt"/>
      <ed:atu h567jVB="h567 j: VB Ein vornehmer Mann"/>
      <ed:atu h567jVB="h567 j: VB Der Vater des HD"/>
      <ed:atu m567a="m567 ag: Der VB findet das OB"/>
      <ed:atu m567a="m567 am: Das VB erfährt die Zaubereigenschaft des OB"/>
      <ed:atu m567a="m567 an: Die Begabung wird durch das Essen von Magen erworben"/>
      <ed:atu m567a="m567 an: Wer das Organ ißt wird König"/>
      <ed:atu m567a="m567 an: Wer das Organ ißt wird Gold produzieren"/>
      <ed:atu m567a="m567 av: Das OB wird vom HD gegessen"/>
      <ed:atu m567b="m567 bb: Wegen der Lebensgefahr muss der HD davon fliehen"/>
      <ed:atu m567b="m567 bu: Episode zu 303 Die zwei Brüder"/>
     </ab>
     <p xml:id="tg876.2.2">Ein armer Mann hatte zwei Söhne, mit denen er sich vom Besenbinden kümmerlich nährte. Eines Tages brachten sie ihm aus dem Walde statt der Reiser einen Vogel mit, dessen Flügel hatten goldene, die Brust silberne Farbe. Auch sang er so schön, daß es eine Freude war, ihn zu hören, und daß der Alte bald nichts lieber auf der Welt hatte, als seinen Gesang. Da ritt einst ein Graf am Hause des Besenbinders vorüber. Er hörte den Vogel singen und hielt sein Roß an; da sah er, daß unter den Flügeln des Vogels zu lesen stand ›Wer mein Herz ißt, der wird einst König werden.‹ Da bot der Graf dem Alten viel Geld für den Vogel, und als der Alte nicht einwilligen wollte, versprach ihm der Graf, ihn und seine Söhne auf sein Schloß zu nehmen, wo sie gute Tage haben sollten. Aber der Graf hielt nicht Wort; der alte Mann mußte täglich Holz hacken und seine Söhne es in die Küche tragen, wobei sie mehr Schläge als Brot bekamen. Den Vogel aber ließ der Graf rupfen <pb n="474" xml:id="tg876.2.2.1"/> und sein Herz braten, damit er einst König werde. Wie nun der Koch grade damit beschäftigt war, kam der jüngere Sohn des Besenbinders in die Küche, und da ihn sehr hungerte, nahm er in einem Augenblick, wo der Koch bei Seite gegangen, das gebratene Herz vom Teller und verzehrte es. Der Koch war gewaltig erschrocken, denn der Graf hatte ihm höchste Sorgfalt anbefohlen; er jagte den Jungen unter der Drohung, dem Grafen Alles zu sagen, vom Hofe, nahm das Herz einer Taube und setzte es dem Grafen gebraten vor.</p>
     <ab>
      <ed:atu h303aHD="h303 a: HD Die HDen aus dem Typ 567 Das wunderbare Vogelherz"/>
      <ed:atu h303bOB="h303 b: OB Derselbe HD"/>
      <ed:atu h303cAN="h303 c: AN Die Hexe"/>
      <ed:atu h303eHF="h303 e: HF aus dem Typ 554 Dankbare Tiere"/>
      <ed:atu h303fZM="h303 f: ZM Lebensspendendes Zaubermittel"/>
      <ed:atu h303fZM="h303 f: ZM Die Rute mit der Versteinerungsfunktion"/>
      <ed:atu h303dST="h303 d: ST Der Jäger"/>
      <ed:atu h303jVB="h303 j: VB Das OB aus dem Typ 300 Der Drachentöter"/>
      <ed:atu m303a="m303 aa: Episode von 567 Das wunderbare Vogelherz"/>
      <ed:atu m303a="m303 au: Die HDen werden vom ST aufgenommen"/>
      <ed:atu m303b="m303 bg: Bei der Trennung wird ein Lebenszeichen gesetzt"/>
      <ed:atu m303b="m303 bu: Episode zu 554 Dankbare Tiere"/>
     </ab>
     <p rend="zenoPLm4n0" xml:id="tg876.2.3"> Der Junge hatte seinem ältern Bruder sein Leid geklagt und beide beschlossen, zu entfliehen. Sie wanderten immer weiter und weiter, bis sie in einen dunklen Wald kamen. Sie legten sich ermüdet unter eine Eiche und schliefen ein. Als sie erwachten, stand vor ihnen ein Jäger; der sah sie scharf an und fragte, wer sie seien und woher sie gekommen. Die Knaben zitterten, und der Jüngste, dem sein Gewissen schlug, erzählte sein Schicksal. Da wurde der Jäger freundlicher und sagte, sie sollten mit ihm kommen, er wolle tüchtige Jäger aus ihnen machen. Sie gingen mit ihm. Wie nun ihre Lehrzeit vorüber war, sagte er ›Ihr müßt nun in die Welt hinaus; vorher aber bittet euch drei Dinge von mir aus.‹ Da baten sie ihn Jeder um ein Pferd, einen Hirschfänger und um einerlei Kleidung für Beide. So trabten sie von dannen, bis sie an einen Scheideweg kamen. Da sprach der Aeltere ›Hier wollen wir uns trennen und unsere Hirschfänger aufhängen; wer von uns zuerst wieder herkommt und sieht des Andern Hirschfänger gerostet, der mag wissen, daß es ihm schlecht geht oder er gar todt ist.‹ Drauf trennten sie sich; der eine ritt rechts, der andre links.</p>
     <ab>
      <ed:atu h554aHD="h554 a: HD Der HD aus dem Typ 567 Das wunderbare Vogelherz"/>
      <ed:atu h554eHF="h554 e: HF Löwe"/>
      <ed:atu h554eHF="h554 e: HF Fuchs"/>
      <ed:atu h554eHF="h554 e: HF Hase"/>
      <ed:atu m554a="m554 ag: Episode von 303 Die zwei Brüder"/>
      <ed:atu m554b="m554 bg: Der HD verschont den HF"/>
      <ed:atu m554c="m554 cg: Der HF begleitet den HD"/>
      <ed:atu m554e="m554 eg: Episode zu 300 Der Drachentöter"/>
     </ab>
     <ab>
      <ed:atu h300aHD="h300 a: HD Der HD aus dem Typ 303 Die zwei Brüder"/>
      <ed:atu h300bOB="h300 b: OB Königstochter"/>
      <ed:atu h300cAN="h300 c: AN Der Drache"/>
      <ed:atu h300eHF="h300 e: HF Der HF aus dem Typ 554 Dankbare Tiere"/>
      <ed:atu h300fZM="h300 f: ZM Die lebensspendende Salbe"/>
      <ed:atu h300gFH="h300 g: FH Der Kutscher"/>
      <ed:atu h300hHO="h300 h: HO Der König"/>
      <ed:atu m300a="m300 an: Episode von 554 Dankbare Tiere"/>
      <ed:atu m300b="m300 bg: Der HD gelangt in eine in tiefer Trauer lebende Stadt"/>
      <ed:atu m300c="m300 cg: Der AN lässt die Bewohner der Stadt ihm Tribut zu entrichten"/>
      <ed:atu m300c="m300 cn: Das OB soll dem AN geopfert werden"/>
      <ed:atu m300c="m300 cp: Der HO habe das OB demjenigen zur Frau versprochen, der den Drachen tödte"/>
      <ed:atu m300d="m300 dg: Der HD geht zum Ort wo das OB geopfert werden soll"/>
      <ed:atu m300e="m300 eg: Der HD tötet den AN"/>
      <ed:atu m300e="m300 eg: Bei dem Kampf hilft dem HD der HF"/>
      <ed:atu m300e="m300 ev: Der FH bringt den HD um"/>
      <ed:atu m300e="m300 ew: Die HF erweckt den HD mit Hilfe des ZMs zum Leben"/>
      <ed:atu m300f="m300 fe: Der FH gibt sich als Befreier aus und verlangt die Hand des OB"/>
      <ed:atu m300g="m300 gc: Der HD kehrt unbekannt in die Stadt zurück"/>
      <ed:atu m300g="m300 gg: Der HD sendet seinen HF zum HO bzw. OB"/>
      <ed:atu m300g="m300 gn: Jedermann erkennt nun, dass HD der wahre Retter des OB ist"/>
      <ed:atu m300g="m300 gu: Der FH wird bestraft"/>
      <ed:atu m300h="m300 hg: Der HD heiratet das OB"/>
      <ed:atu m300h="m300 hu: Episode zu 303 Die zwei Brüder"/>
     </ab>
     <p rend="zenoPLm4n0" xml:id="tg876.2.4"> Dem Jüngsten kam nicht lange drauf ein Löwe in den Weg gelaufen. Er wollte seine Büchse anlegen; da erhob der Löwe seine Stimme, er solle ihn leben lassen, er wolle ihm auch in jeder Noth und Gefahr beistehen. ›Nun dann,‹ sprach der Jäger, ›so wende dich hinter mich.‹ Bald darauf kam ein Fuchs gelaufen, mit dem ging es ebenso wie mit dem Löwen, und zuletzt ein Hase. Als nun der Jäger mit den drei Thieren weiter zog, kam er in eine Stadt, die mit schwarzem Flor umzogen war. Er vernahm, daß ein Drache in der Gegend hause, der alljährlich eine Jungfrau verlange. In diesem Jahre sei die Reihe an des Königs Tochter und darum trauere <pb n="475" xml:id="tg876.2.4.1"/> Alles. Der König habe sie Demjenigen zur Frau versprochen, der den Drachen tödte. Am andern Morgen machte sich der Jäger nach dem Orte auf, wo der Drache hauste. Schon hielt der Wagen des Königs dort, in dem die Königstochter saß. Nicht lange, so kam auch der Drache hergefahren, er hatte einen langen Schweif und sieben Köpfe. Da sprach der Jäger zu seinen Thieren ›Nun allesammt, und reißt, was ihr könnt.‹ Die Thiere packten den Drachen an, und der Jäger schlug wacker drauf los, daß der Drache bald todt dalag. Todtmüde ruhte der Jäger am Boden, da nahm der Kutscher der Prinzessin das Schwert und schlug dem Jäger den Kopf ab und sagte zur Prinzessin ›Wenn du mir nicht schwörst, mich als Den zu bezeichnen, der den Drachen getödtet hat, so tödte ich dich.‹ Da schwur ihm die Prinzessin, was er verlangte.</p>
     <p rend="zenoPLm4n0" xml:id="tg876.2.5">Die Thiere standen traurig bei ihrem todten Herrn. Da sprach der Fuchs zum Hasen ›Dort im Walde wohnt eine alte Frau, die hat eine Salbe; lauf so schnell wie möglich hin und bringe sie her.‹ Das that der Hase und brachte die Salbe; der Fuchs nahm des Jägers Kopf, setzte ihn auf den Rumpf, bestrich die Wunde mit der Salbe und der Jäger war wieder lebendig.</p>
     <p rend="zenoPLm4n0" xml:id="tg876.2.6">Nach einem Jahre kam er wieder in die Stadt; jetzt war sie mit rothem Flor umgeben. Er erfuhr, daß heute die Prinzessin mit ihrem Befreier, dem Kutscher, Hochzeit halte. Da nahm der Jäger einen Korb, legte einen Brief hinein, in dem er Alles erzählte, hing ihn dem Fuchse um den Hals und hieß ihn laufen. Der Fuchs lief in des Königs Palast, wo die Prinzessin mit ihrem Bräutigam oben an der Tafel saß und legte seinen Kopf sammt dem Korbe in ihren Schoß. Die Prinzessin erschrak zuerst, dann nahm sie den Brief und las ihn. Drauf sprach sie zu dem Könige und seinen Räthen ›Was hat der verdient, der so und so gethan hat?‹ und erzählte die Geschichte. Da sprachen Alle ›er ist werth, in eine Tonne, mit Nägeln ausgeschlagen, gesteckt und vom Berge herunter ins Wasser gerollt zu werden.‹ Da sprach die Prinzessin ›So muß das meinem Bräutigam geschehen.‹ Und so geschah es auch; der Jäger aber machte mit der Prinzessin Hochzeit.</p>
     <ab>
      <ed:atu m303c="m303 cc: Episode von 300 Der Drachentöter"/>
      <ed:atu m303c="m303 cg: Der HD geht auf die Jagd"/>
      <ed:atu m303c="m303 cu: Der AN fügt den HF Schaden zu"/>
      <ed:atu m303d="m303 dg: Der Retter erfährt von der Not des HD durch das Lebenszeichen"/>
      <ed:atu m303d="m303 dw: Der Retter lässt den Bruder vom AN/RC wiederbeleben"/>
     </ab>
     <p rend="zenoPLm4n0" xml:id="tg876.2.7">Er konnte aber vom Jagen nicht lassen. Einst verfolgte er auf der Jagd eine Hirschkuh, die ganz weiß war. Immer tiefer kam er <pb n="476" xml:id="tg876.2.7.1"/> in den Wald, daß es dunkelte. Da gelangte er zu einer Hütte, vor der eine alte Frau mit einer Ruthe in der Hand stand. Die bat er um Herberge. ›Ja,‹ sagte sie, ›die wolle sie ihm wohl gewähren; aber mir graut vor deinen Thieren, laß sie mich mit meiner Ruthe berühren.‹ Das erlaubte ihr der König, sie strich einmal mit der Ruthe über ihn und die Thiere: da wurden sie Alle zu Stein.</p>
     <p rend="zenoPLm4n0" xml:id="tg876.2.8">Indeß war der ältere Bruder nach mehrjähriger Wanderung zu der Eiche gekommen, wo sie sich getrennt hatten. Da sah er seines Bruders Hirschfänger verrostet und machte sich auf, ihn zu suchen. Er kam in den Wald, in dem sein Bruder zu Stein verwandelt war, und kam auch zu der Hütte der alten Frau. Diese wollte ihn mit ihrer Ruthe berühren, da spannte er seine Büchse und drohte sie niederzuschießen, wenn sie ihm nicht sage, wo sein Bruder sei. Da bat die Frau um ihr Leben, führte ihn zu den Steinen, berührte sie mit der Ruthe und der Bruder und seine Thiere wurden wieder lebendig. Sie zogen in des Königs Schloß und lebten fröhlich bis an ihr Ende.</p>
     <closer>
      <lb xml:id="tg876.2.9"/>
      <seg type="closer" rend="zenoPLm4n0" xml:id="tg876.2.10">
       <seg rend="zenoTXFontsize80" xml:id="tg876.2.10.1">Ein Seminarist in Neukloster.</seg>
      </seg>
     </closer>
    </div>
   </div>
  </body>
 </text>
</TEI>