<TEI xmlns="http://www.tei-c.org/ns/1.0" xmlns:tgs="http://textgrid.info/namespaces/metadata/script/2010" xmlns:jxb="http://java.sun.com/xml/ns/jaxb" xmlns:tns="http://textgrid.info/namespaces/metadata/core/2010" xmlns:tgl="http://textgrid.info/namespaces/metadata/language/2010" xmlns:tei="http://www.tei-c.org/ns/1.0" xmlns:tgr="http://textgrid.info/namespaces/metadata/agent/2010" xmlns:xsi="http://www.w3.org/2001/XMLSchema-instance" xmlns:ed="http://www.dglab.uni-jena.de/atu/ns" xsi:schemaLocation="http://www.tei-c.org/ns/1.0 ../XSD/Schema/tei_all.xsd" xml:id="tg10" n="/Literatur/M/Pröhle, Heinrich/Märchen/Kinder- und Volksmärchen/4. Der Jäger über alle Jäger">
 <teiHeader xmlns:a="http://www.textgrid.info/namespace/digibib/authors" xmlns:xi="http://www.w3.org/2001/XInclude" xmlns:fn="http://www.w3.org/2005/xpath-functions">
  <fileDesc>
   <titleStmt>
    <title>Der Jäger über alle Jäger. Deutsches Märchen. Annotiert nach dem Content-Annotation-Standard (ConAS)</title>
    <author/>
    <principal>
     <name> Elguja Dadunashvili.</name>
    </principal>
   </titleStmt>
   <editionStmt>
    <edition>Testarbeit im Rahmen des Seminars "Theorie und Praxis der vergleichenden Erzählforschung (digitale Erschließung)", Seminarleiter Elguja Dadunashvili. <date>WS 2016/17</date>
    </edition>
   </editionStmt>
   <publicationStmt>
    <publisher>Seminar "Theorie und Praxis der vergleichenden Erzählforschung (digitale Erschließung)" Friedrich-Schiller-Universität Jena</publisher>
    <pubPlace>Jena, Thüringen, Deutschland</pubPlace>
    <date>SoSe 2017</date>
    <availability>
     <p>Die im Rahmen des Seminars "Theorie und Praxis der vergleichenden Erzählforschung (digitale Erschließung)" angefertigte Annotation des Textes inklusive Metadaten wird unter der Lizenz CC0 1.0 Universal veröffentlicht. </p>
     <p>
      <ref target="https://creativecommons.org/publicdomain/zero/1.0/legalcode">Lizenzvertrag</ref>
     </p>
    </availability>
   </publicationStmt>
   <sourceDesc>
    <biblFull>
     <titleStmt>
      <title>4. Der Jäger über alle Jäger</title>
     </titleStmt>
     <publicationStmt>
      <publisher/>
      <idno type="handle">hdl:11858/00-1734-0000-0004-80D4-2</idno>
      <idno type="TextGridUri">textgrid:t5wk.0</idno>
      <availability>
       <p> Der annotierte Datenbestand der Digitalen Bibliothek inklusive Metadaten sowie davon einzeln zugängliche Teile sind eine Abwandlung des Datenbestandes von www.editura.de durch TextGrid und werden unter der Lizenz Creative Commons Namensnennung 3.0 Deutschland Lizenz (by-Nennung TextGrid) veröffentlicht. Die Lizenz bezieht sich nicht auf die der Annotation zu Grunde liegenden allgemeinfreien Texte (Siehe auch Punkt 2 der Lizenzbestimmungen). </p>
       <p>
        <ref target="http://creativecommons.org/licenses/by/3.0/de/legalcode">Lizenzvertrag</ref>
       </p>
       <p>
        <ref target="http://creativecommons.org/licenses/by/3.0/de/"> Eine vereinfachte Zusammenfassung des rechtsverbindlichen Lizenzvertrages in allgemeinverständlicher Sprache </ref>
       </p>
       <p>
        <ref target="http://www.textgrid.de/Digitale-Bibliothek">Hinweise zur Lizenz und zur Digitalen Bibliothek</ref>
       </p>
      </availability>
     </publicationStmt>
     <sourceDesc>
      <biblFull>
       <titleStmt>
        <title>Heinrich Pröhle: Kinder- und Volksmärchen. Leipzig: Avenarius und Mendelsohn, 1853.</title>
        <author key="pnd:116292199">Pröhle, Heinrich</author>
       </titleStmt>
       <extent>16-</extent>
       <publicationStmt>
        <publisher/>
        <date when="1853"/>
        <pubPlace>Leipzig</pubPlace>
       </publicationStmt>
      </biblFull>
     </sourceDesc>
    </biblFull>
   </sourceDesc>
  </fileDesc>
  <profileDesc>
   <creation>
    <date notBefore="1822" notAfter="1853"/>
   </creation>
   <handNotes>
    <handNote/>
   </handNotes>
   <textClass>
    <keywords scheme="http://textgrid.info/namespaces/metadata/core/2010#genre">
     <term>prose</term>
    </keywords>
    <keywords>
     <term>
      <index indexName="ISBN-951-41-0961-9"/>
      <ref target="https://de.wikipedia.org/wiki/Aarne-Thompson-Index"/>
      <ed:atu a562="a562: Geist im blauen Licht"/>
      <ed:atu a300="a300: Drachentöter"/>
     </term>
    </keywords>
   </textClass>
<langUsage><language ident="deu"/></langUsage>
  </profileDesc>
 </teiHeader>
 <text>
  <body>
   <div type="text" xml:id="tg10.2">
    <div type="h4">
     <head type="h4" xml:id="tg10.2.1">4. Der Jäger über alle Jäger.</head>
<ab>
<ed:atu a562="a562: Geist im blauen Licht"/>
</ab>
     <p xml:id="tg10.2.2">Es war einmal ein Tischler und ein Goldschmied, die sprachen, wer wol das beste Kunststück von ihnen machen könne. Da kommt der Meister Goldschmied an und bringt einen goldenen Fisch, der schwimmt immer im Wasser umher. Da kommt der Tischler auch und fliegt zum Fenster herein, und hat sich ein paar Flügel gemacht, mit denen er fliegt, fliegt noch ein Mal zum Fenster hinaus und drei Mal ums Haus herum. Da macht ein Prinz die Flügel an, der will nachher wieder niederfliegen, fliegt aber immer höher und höher und kann nicht nieder. Da fliegt er auf eine Kirche, die hoch in der Luft gewesen ist; in der Kirche wohnt eine Prinzessin, die macht das Fenster auf, da fliegt er hinein, heirathet die Prinzessin und wohnt mit ihr in der Kirche. <pb n="16" xml:id="tg10.2.2.1"/> Da bekamen sie einen kleinen Knaben, den ließen sie in einer Schachtel auf die Erde nieder.</p>
     <p rend="zenoPLm4n0" xml:id="tg10.2.3">Da fand eine alte böse Frau den Knaben in der Schachtel und nahm ihn zu sich, wollte ihn aber, als er etwas herangewachsen war, vergiften, um seiner los zu werden. Der Junge ging in den Wald, da kam ein Zwerg und übergab ihm drei Hunde, die hießen Stahl, Eisen und Hille<ref type="noteAnchor" target="#tg10.2.11">
       <anchor xml:id="tg10.2.3.1" n="/Literatur/M/Pröhle, Heinrich/Märchen/Kinder- und Volksmärchen/4. Der Jäger über alle Jäger#Fußnote_1"/>
       <ptr cRef="/Literatur/M/Pröhle, Heinrich/Märchen/Kinder- und Volksmärchen/4. Der Jäger über alle Jäger#Fußnoten_1"/>
       <hi rend="superscript" xml:id="tg10.2.3.2.1">1</hi>
      </ref>; er empfahl ihm auch, Alles zu thun, was die Hunde wollten, und sie ja nicht zu schlagen.</p>
     <p rend="zenoPLm4n0" xml:id="tg10.2.4">Als der Waisenknabe nach Haus kam, hatten ihm seine Pflegeältern vergiftetes Essen hingestellt, um ihn damit zu tödten. Wie er aber den ersten Löffel voll zum Munde führte, sprang der Hund Stahl auf und schlug mit der Pfote unter den Löffel, sodaß die Speise, die darin war, verschüttet wurde. Dasselbe that der Hund Eisen, als er den zweiten Löffel zum Munde führte. Als er den dritten Löffel füllen wollte, stieß der Hund Hille den ganzen Napf um, und der Waisenknabe mußte sich hungrig zu Bett legen.</p>
     <p rend="zenoPLm4n0" xml:id="tg10.2.5">Am andern Tage ging er mit seinen Hunden wieder in den Wald, da trat der Zwerg wieder zu ihm und führte ihn in eine Höhle, wo Tsackos, Flinten und allerlei Jägerkram darin war. Von diesen Dingen soll er sich etwas wählen, und er nimmt eine Büchse und einen Tsako, woran geschrieben steht: "Ich bin Jäger über alle Jäger." Und wie er den Tsacko aufsetzte, da war er auch ein Jäger über alle Jäger, und die drei Hunde heulten so freudig. Nun ging er fort und kam in ein Försterhaus; da nahm ihn der Förster in Dienst und er schoß mehr Wild als alle andern Jäger zusammengenommen.</p>
     <p rend="zenoPLm4n0" xml:id="tg10.2.6">Es mußte aber dieser Förster jeden Tag eine Stunde lang in ein altes verfallenes Schloß gehen; und eines Abends <pb n="17" xml:id="tg10.2.6.1"/> schickte er den Jäger über alle Jäger statt seiner dahin. In dem Schlosse spielte er mit einem Gespenste Karten, wie sonst immer der Förster thun mußte. Während sie spielen, klopft Jemand an und es tritt ein zweites Gespenst herein, das ruft immer fort: "Ich will den Förster haben." "Was du an den Förster zu fordern hast", sagt der Jäger über alle Jäger, "kannst du auch von mir fordern", und in demselben Augenblicke springen auch schon die drei Hunde: Stahl, Eisen und Hille, auf das Gespenst an der Thür zu und vertilgen es. Das Gespenst, mit dem er Karten spielte, zitterte und bebte unterdessen. Er aber ließ sich nicht stören und rief immer fort: "Trumpf rut! Trumpf rut!<ref type="noteAnchor" target="#tg10.2.13">
       <anchor xml:id="tg10.2.6.2" n="/Literatur/M/Pröhle, Heinrich/Märchen/Kinder- und Volksmärchen/4. Der Jäger über alle Jäger#Fußnote_2"/>
       <ptr cRef="/Literatur/M/Pröhle, Heinrich/Märchen/Kinder- und Volksmärchen/4. Der Jäger über alle Jäger#Fußnoten_2"/>
       <hi rend="superscript" xml:id="tg10.2.6.3.1">2</hi>
      </ref>" Zuletzt vertilgten die drei Hunde auch noch das Gespenst, mit dem er Karten gespielt hatte. Nun brauchte der Förster nicht mehr zu den Geistern in das Schloß zu gehen und sein Vater und sein Großvater, die in dem Schlosse in einem feurigen Schranke brannten, konnten jetzt ruhig sterben.</p>
     <p rend="zenoPLm4n0" xml:id="tg10.2.7">Der Jäger über alle Jäger aber wollte sich weiter in der Welt versuchen und verließ das Forsthaus. Er vermiethete sich als Schweinehirt bei einem Müller, zu dessen Heerde täglich drei Riesen kamen und Schweine stahlen. Diesen Riesen rief er drei Tage hintereinander zu: "Was ihr an den Müller zu fordern habt, könnt' ihr auch an mich fordern." An dem ersten Tage, wo die drei Riesen kamen um Schweine zu stehlen, sprang jeder der drei treuen Hunde auf einen Riesen los und der Hund Stahl tödtete einen davon, die andern Riesen aber ergriffen die Flucht. Am zweiten Tage kamen die beiden Riesen, welche entflohen waren, abermals um Schweine zu stehlen. Da tödtete der Hund Eisen einen von ihnen, und der andere Riese ergriff von neuem die Flucht. Am dritten Tage kam dieser Riese allein, <pb n="18" xml:id="tg10.2.7.1"/> um Schweine zu stehlen, rasch aber tödtete ihn der Hund Hille.</p>
     <ab>
      <ed:atu h300aHD="h300 a: HD Der HD aus dem Typ 562 Das blaue Licht"/>
      <ed:atu h300bOB="h300 b: OB Königstochter"/>
      <ed:atu h300cAN="h300 c: AN Der Drache"/>
      <ed:atu h300eHF="h300 e: HF Der HF aus dem Typ 562 Das blaue Licht"/>
      <ed:atu m300a="m300 an: Episode von 562 Das Blaue Licht"/>
      <ed:atu m300b="m300 bg: Der HD gelangt in eine in tiefer Trauer lebende Stadt"/>
      <ed:atu m300c="m300 cn: Das OB soll dem AN geopfert werden"/>
      <ed:atu m300e="m300 eg: Der HD tötet den AN"/>
      <ed:atu m300e="m300 eg: Bei dem Kampf hilft dem HD der HF"/>
      <ed:atu m300h="m300 hg: Der HD heiratet das OB"/>
      <ed:atu m300h="m300 hu: Episode zu 562 Geist im blauen Licht"/>
     </ab>
     <p rend="zenoPLm4n0" xml:id="tg10.2.8">Damit war die Mühle und die Heerde von den Riesen erlöst, und der Jäger über alle Jäger setzte seine Reise fort. Er kam in eine Stadt die ganz mit Flor überzogen war, weil ein Drache die Königstochter vom Markte abholen wollte. Da stellte der Jäger über alle Jäger sich mit seinen treuen Hunden neben die Prinzessin, und als der Drache kam, rief er ihm zu: "Was du an den König zu fordern hast, kannst du auch an mich fordern." In demselben Augenblicke sprangen die drei Hunde Stahl, Eisen und Hille gegen den Drachen an und zerrissen ihn.</p>
     <p rend="zenoPLm4n0" xml:id="tg10.2.9">Da warf sich die Prinzessin ihm in die Arme und begrüßte ihn als ihren zukünftigen Gemahl. Zugleich bat sie ihn, seinen drei Hunden Stahl, Eisen und Hille die Köpfe abzuhauen. Das that er auch, weil die Prinzessin versicherte, es würde zum Heile ausschlagen; und da war der Hund Stahl der König, der Vater der Prinzessin, der Hund Eisen war der Förster und der Hund Hille war der Müller. Alle Drei waren jetzt von der Zaubergewalt völlig erlöst, unter der sie gestanden hatten und der Förster und der Müller zogen fröhlich nach Haus. Zum Hochzeitstage des Jägers über alle Jäger mit der Prinzessin aber stellte sich der Müller wieder ein in der Stadt, und brachte das beste Stück Schweinebraten, und auch der Förster kam und brachte das beste Stück Wildbraten, das in seinem Forst zu haben war. Der König aber holte die beste Flasche Wein herauf, die in seinem Keller stand, und so wurde die Hochzeit gefeiert, und am Hochzeitstage war die ganze Stadt mit Roth überzogen.</p>
    </div>
    <div type="footnotes">
     <head type="h4" xml:id="tg10.2.10">Fußnoten</head>
     <note xml:id="tg10.2.11.note" target="#tg10.2.3.1">
      <p xml:id="tg10.2.11">
       <anchor xml:id="tg10.2.11.1" n="/Literatur/M/Pröhle, Heinrich/Märchen/Kinder- und Volksmärchen/4. Der Jäger über alle Jäger#Fußnoten_1"/>
       <ref cRef="/Literatur/M/Pröhle, Heinrich/Märchen/Kinder- und Volksmärchen/4. Der Jäger über alle Jäger#Fußnote_1" xml:id="tg10.2.11.2">1</ref> Schnell.</p>
     </note>
     <note xml:id="tg10.2.13.note" target="#tg10.2.6.2">
      <p xml:id="tg10.2.13">
       <anchor xml:id="tg10.2.13.1" n="/Literatur/M/Pröhle, Heinrich/Märchen/Kinder- und Volksmärchen/4. Der Jäger über alle Jäger#Fußnoten_2"/>
       <ref cRef="/Literatur/M/Pröhle, Heinrich/Märchen/Kinder- und Volksmärchen/4. Der Jäger über alle Jäger#Fußnote_2" xml:id="tg10.2.13.2">2</ref> Trumpf 'raus.</p>
     </note>
    </div>
   </div>
  </body>
 </text>
</TEI>