<TEI xmlns="http://www.tei-c.org/ns/1.0" xmlns:iw="http://www.dglab.uni-jena.de/atu/ns" xmlns:xsi="http://www.w3.org/2001/XMLSchema-instance" xsi:schemaLocation="http://www.tei-c.org/ns/1.0 ../XSD/Schema/tei_all.xsd">
 <teiHeader>
  <fileDesc>
   <titleStmt>
    <title>Der Drache. Deutsches Märchen. Annotiert nach dem Jenaer Schema der Märchenannotation</title>
    <author/>
    <respStmt>
     <resp>Annotiert von Isabel Winschuh</resp>
     <name/>
    </respStmt>
    <principal>unter der Leitung von <name> Elguja Dadunashvili</name></principal>
   </titleStmt>
   <editionStmt>
    <edition>Studentische Arbeit im Rahmen des Seminars "Theorie und Praxis der vergleichenden Erzählforschung (digitale Erschließung)", Seminarleiter Elguja Dadunashvili <date>WS 2016/17</date></edition>
   </editionStmt>
   <publicationStmt>
    <publisher>Seminar "Theorie und Praxis der vergleichenden Erzählforschung (digitale Erschließung)" Friedrich-Schiller-Universität Jena</publisher>
    <pubPlace>Jena, Thüringen, Deutschland</pubPlace>
    <date>WS 2016/17</date>
    <availability>
     <p>Die im Rahmen des Seminars "Theorie und Praxis der vergleichenden Erzählforschung (digitale Erschließung)" angefertigte Annotation des Textes inklusive Metadaten wird unter der Lizenz CC0 1.0 Universal veröffentlicht. </p>
     <p>
      <ref target="https://creativecommons.org/publicdomain/zero/1.0/legalcode">Lizenzvertrag</ref>
     </p>
    </availability>
   </publicationStmt>
   <sourceDesc>
    <biblFull>
     <titleStmt>
      <title>Alfred Cammann : Donauschwaben erzählen. Teil 1. Marburg : Elwert, 1976</title>
      <editor>Alfred Cammann; Alfred Karasek</editor>
     </titleStmt>
     <extent/>
     <publicationStmt>
      <publisher> Schriftenreihe der Kommission für Ostdeutsche Volkskunde in der Deutschen Gesellschaft für Volkskunde e. V. Herrausgegeben von Rhard Riemann. Band ?? </publisher>
      <pubPlace>Marburg</pubPlace>
      <date>1976</date>
      <availability>
       <p>Alle Rechte liegen beim Herausgeber</p>
      </availability>
     </publicationStmt>
    </biblFull>
   </sourceDesc>
  </fileDesc>
  <profileDesc>
   <textClass>
    <keywords>
     <term>
      <index indexName="ISBN-951-41-0961-9"/>
      <ref target="https://de.wikipedia.org/wiki/Aarne-Thompson-Index"/>
      <iw:atu a300="a300: Drachentöter"/>
      <iw:atu a851="a851: Die Königstochter mit den Rätselaufgaben"/>
     </term>
    </keywords>
   </textClass>
   <langUsage>
    <language ident="deu">Deutsch<index indexName="iso639-3"/><ref target="http://www-01.sil.org/iso639-3/codes.asp"/></language>
   </langUsage>
   <creation>
    <placeName>
     <country>Ungarn</country>
     <region/>
     <district/>
     <settlement/>
     <geo/>
    </placeName>
    <date/>
   </creation>
   <particDesc>
    <person role="Informant">
     <persName>
      <forename>Maria</forename>
      <surname>Csultis</surname>
     </persName>
     <sex value="F">weiblich</sex>
     <age/>
     <birth>
      <date/>
      <placeName>
       <country/>
       <district/>
       <settlement/>
       <geo/>
      </placeName>
     </birth>
     <education/>
     <residence>
      <placeName>
       <country>Deutschland</country>
       <region>Baden-Würtemberg</region>
       <district>Lehrensteinsfeld</district>
       <settlement/>
       <geo>49.229027 9.326218</geo>
      </placeName>
     </residence>
    </person>
   </particDesc>
  </profileDesc>
  <encodingDesc>
   <editorialDecl>
    <stdVals>
     <p>Die Annotation beruht auf dem TEI 5 Annotationsstandard ergänzt durch den Namensraum "http://www.dglab.uni-jena.de/atu/ns". Der Namensraum basiert auf dem extra für die Annotation der Märchentexte ausgearbeiteten XML-Schena "atu.xsd". Dieses gilt als Instrument für die Annotation der Märchentexte nach dem iternationalen Typenkatalog von Aarne-Thompson-Uther. Autor des XML-Schema Elguja Dadunashvili</p>
    </stdVals>
   </editorialDecl>
   <geoDecl>GPS</geoDecl>
  </encodingDesc>
 </teiHeader>
 <text>
  <body>
   <head>Der Drache</head>
   <ab>
    <iw:atu h300aHD="h300 a: HD Der HD aus dem Typ 851 Rätselprinzessin"/>
    <iw:atu h300bOB="h300 b: OB Königstochter"/>
    <iw:atu h300cAN="h300 c: AN Der Drache"/>
    <iw:atu h300eHF="h300 e: HF Der HF aus dem Typ 851 Rätselprinzessin"/>
    <iw:atu h300gFH="h300 g: FH Rothaariger"/>
    <iw:atu h300hHO="h300 h: HO Der König"/>
    <iw:atu h300jVB="h300 j: VB Der Wirt"/>
    <iw:atu m300c="m300 cg: Der AN lässt die Bewohner der Stadt ihm Tribut zu entrichten"/>
    <iw:atu m300c="m300 cn: Das OB soll dem AN geopfert werden"/>
    <iw:atu m300c="m300 cp: Der HO habe das OB demjenigen zur Frau versprochen, der den Drachen tödte"/>
    <iw:atu m300c="m300 ct: Episode zu 851 Rätselprinzessin"/>
    <iw:atu m300d="m300 dd: Episode von 851 Rätselprinzessin"/>
    <iw:atu m300d="m300 dg: Der HD geht zum Ort wo das OB geopfert werden soll"/>
    <iw:atu m300c="m300 ct: Episode zu 851 Rätselprinzessin"/>
   </ab>
   <p>Do is amoi a Stodt gweist, und auser der Stodt war a großa Berg, do is a tiefe Heiön (Höhle) neigaunga, do hot a Drache drinn glebt, und der Drache hot jeidn Tog a Jungfrau gfressn, Wenn er die nett griagt, zerstört er die Stodt, die ganze Ma' al worn schon weg, nur dem König sei Tochter war noch am Leben, Jeitzt hot der König in Zeitung geim loßn, wer seine Tochter von dem Drachen rettet, der derf sie heiratn, Des hot daunn a junga Bursch gleisn (gelesen), der hot nocha za seiner Mutta gsogt: '' Mutta, i geh, i rett' die Keinigstochter! " . ' Na ", hot sie dann zu ihren Sohn gsogt, '' du derfst nett geh, i 1oß die nett! '' '' Ich geh' owa doch, i werd' dem Keinig sei Tochter rettn! '' sogt dann der Sohn, Die Mutter hot sich dann so geärgert, weil er nett nochgeim (nachgegeben) hot, und hot dann a Floschn mit Wein gfüllt und a biss1l a Gift dazu., Sie hot dann zu ihm gsogt: ' Do, trink "', drauf sogt er: ' I wü jeitzt nett, am Weig (Weg) trink i! ' Na hot sie sich denkt, wann du am Weig trinkst, kummst nett weit, und hot ihm die Floschn geim, er hot sie dann in sein Brotsacktao und is mit sein Ross furtgrien (geritten). Wie er nocha durch Woid (Wald) kummt, kommen so vü Fliang (Fliegen) und Brimma (Bremsen) alles üwa des Ross her, des wollt' dann gar nimmer weitergehn, er is nocha sozornig worn und hot die Floschn mitn Wein dem Ross aufn Scheell (Schädel) ghaut, die Floschn is nocha brocha, und des Gift is dem Ross in die Ohrn gruna (geronnen), des Ross is nocha umgfoin und kaputt gweist, Er hot nocha sicha bei an Baam hingseitzt und hot gessn und üwalegt, wos werd' er jetzt ta (tun). Wie er so geissn hot, san zu den Ross Raben kumma und habn drann gepickt, weil's halt a so voll Blut wor, jeitzt af amoi foin (fallen) die Rabn um und san a tot. Er hot dann von den Rabn a paar gnauma und is mit weitergaunga und hatsichdacht, wer weiß, späterbbin ich vielleicht froh drum, wenn i nichts zu eissn hob. Es is dann scho so spät gweist, und er hot sich üwaleigt, wo werd' ich heut' schlofa? Af amoi hot er dann a Licht gsehn, wie er dann näher kummt, sieht er, daß es vier Räuber sind, und drei Hundn ham s' khot (gehabt), Er hot dann gfrogt,, ob er üwa Nocht bleim derf? ' -"Jo," ham S' nocha gsogt, er kann schon üwa Nocht bleim, ' Do hob i a paar Vögel, wenn ihr s' wollt, könnt ihr s' eich kocha! ' und hot s' ihna higschmißn.</p>
   <ab>
    <iw:atu m300d="m300 dd: Episode von 851 Rätselprinzessin"/>
    <iw:atu m300e="m300 eg: Der HD tötet den AN"/>
    <iw:atu m300e="m300 eg: Bei dem Kampf hilft dem HD der HF"/>
    <iw:atu m300e="m300 et: Der aus dem Kampf erschöpfte HD schläft ein/wird ohnmächtig"/>
    <iw:atu m300e="m300 ev: Das befreite OB geht zum Elternhaus"/>
    <iw:atu m300e="m300 ev: Der FH bringt den HD um"/>
    <iw:atu m300f="m300 fd: Unter dem Druck zwingt der FH das OB ihn als Befreier auszugeben"/>
    <iw:atu m300f="m300 fe: Der FH gibt sich als Befreier aus und verlangt die Hand des OB"/>
    <iw:atu m300g="m300 gb: Der HD erkundigt sich beim VB über die Hochzeit"/>
    <iw:atu m300g="m300 gg: Der HD sendet seinen HF zum HO bzw. OB"/>
    <iw:atu m300g="m300 gk: Das OB erzählt die Wahrheit"/>
    <iw:atu m300g="m300 gn: Jedermann erkennt nun, dass HD der wahre Retter des OB ist"/>
    <iw:atu m300g="m300 gu: Der FH wird bestraft"/>
    <iw:atu m300h="m300 hg: Der HD heiratet das OB"/>
   </ab>
   <p>Die Rauwa ham nocha glei die Veigl grupft und kocht und a geissn, Er is dann schlofa gaunga, in der Fruah, wie er dann munter werd, sieht er, daß olli Rauwa tot san. Doch die Hundn dei ham nao gleibt, die hot er nocha mitgnauma, einer hot Frißumasonst geheisen, da aondri Gschwindwiederwind und der dritte Brecheisen, Nocha iser hoit 10ßIpa5chiert‚ daß er eindlich zu den Berg kummt, wo der Droch drinna is, Er is dann richtig duart hikumma, die Königstochter is schon vor der Höhle gniet und hot bet (gebetet), an weißn Schleier hot sie umheinga ghot und hot gwort, bis der Drachen außa kummt,. Er hot dann zu da Keinigstochter gsogt: ' Gnie dich nur weita hie, daß er außa kummt! ' Sie is dann weiter hiegaunga. Der Droch hot neun Köpf ghot (gehabt) und is nocha außa kumma, jeitzt hot der Bursch zu seini Hund gschria: ' Brecheisen, Gschwindwiederwind und Frißumasunst! ''Die Hund san nocha higsprunga, ham an Schäell erwischt und angrißn, der Drachn wollt' zurück, die Hund ham owa nett nochgeim, So sind dann drei Schädl obgrißn. Nocha ham s' wieder a Weil gwoart, dann sogt da Bursch zuda Keinigstochter: ' Gehnur näherhin, nocha kummt da einda (eher) außa! ' Die Königstochter is dann näher hin, und der Drachn is wieder raußkumma, die Hundn san wieder highupft, ham die Köpf erwischt und obgrißn. Jeitzt hot der Drachn nur mehr drei Köpf ghot, und die drei letzte Köpf ham die Hund dann a noch weiggrißn. Die Keinigstochter hot sich nocha so gfreid, daß sie gerettet war, und er war jo a so a scheina Bursch,. Er wollte die Königstochter dann zu ihren Vater bringen, aber zuvor noch eitwas ausruhn., Er hot nocha za ihra gsogt: '' Jeitzt loßt mich a bissal rostn, i bin so miad '', und hot sich dann am Baum so zurückglegt und hot eigschlofa, und sie is duart gseisn. Jeitzt is so a Rothaariger mitn Pferdewong kumma, is dann obgstieng und hot gfrogt: '' Hot dich der vom Leben grett? '' Sogt sie nocha: ' Jo, und den heirat i! ' Sogt der Rothaarige dann: '' Wenn ds den heiratzt, bring i die um, und wenn d' mi heiratzt, bring i den um !” Sie hot sich doch nett umbringa loßn wolln, nocha hot sie jo gsogt. Er hot a Rasiermeissa gnauhma und den schlofanden Bursch übern Hois gstraft (gestreift), Die Keinigstochter hat sich schnö aufigseitzt am Wogn, und er is mit ihr davaugfohrn. Beim Keinig hot er sich als Retter ausgeim und hot gmeint, der andri stirbt. Doch die Hundn ham ihren verletzten Herrn die Wunde abgschleckt, und weil die Wundn nett so tief war, is er bald wieder gsund gweist und weitergreist, Wie er dann in das Wirtshaus kommt, in dem er auf seiner Hinreis übernachtet hat, wo damals alles schwarz behangen war, weil der Drachen die Königstochter zum Fressen haben sollte und deshalb alles in tiefer Trauer war.</p>
   <p>Nun war aber diesesmal alles rot behangen, er fragte dann den Wirt: ! Warum isn ollas rot behängt? '' ' Ha, waßt du des nett, die Keinigstochter heirat ihren Retter! " ' Was ' sogt der Bursch dann, ' grett hob sie i! ' ' Des glaub inett! ' sogt da Wirt, ''ha, schick doch amoi deini Hund hin, nocha wern wir 's sehn! " Jeitzt hot er den Frißumasonst a Tuch geim und hot 'n zur Hochzeit gschickt. Der is glei unterm Tisch vor die Braut hin und hot des Tuach higleigt, die Braut hot den Hund keinnt und hot vü Sach ins Tuch, und der Hund is wieder mit fort und hot sein Herrn brocht. ' Siagst , hot er dann Zum Verzicht auf die Zugänglichmachung dieser Daten den Dritten verpflichtet! zum Wirt gsogt, ' daß es die Worheit wor, wos i gsogt hob! " In einer Weiö (Weile) sogt der Wirt dann: ' Schick doch nomoi an Hund furt! ' Eitz hot er nocha den Bricheisen furtgschickt, der hot nocha a wos brocht. Do worn owa dann Soldaten aufstöid, doch der Bricheisen wor so stork und hot olli umgstosn. Das drittemal hot er nocha den Gschwindwiederwind fortgschickt, die Soldaten ham scho gwoart und ham gsogt: ' Do kummt jeitzt scho wieder aner '', owa der Hund woar so gschwind drinn bei der Keinigstochter, die hat des Tuch wieder voll gmacht, und der is wieder weg, und die Soldaten san nochgreinnt bis zum Wirt, Den Bursch ham s! nocha gfrogt, wie er sich so frech sein traut und seini Hundn zur Keinigstochter schickt, und ham mit ihm gschimpft. Dann sogt der Bursch, er hot das Recht, er hot sie a vom Drachen grett, ' Na, a, des is nett wahr! ' sogn die Suidotn und habn den Bursch mit zum König gnauhma. Den ham s' nocha ollas gsogt, der hot nocha die Braut außaholn loßn, die Keinigstochter is nocha außakumma mitn Bräutigam, Der Keinig hot nocha sei Tochter gfrogt; ' Wer hot dich grett vom Drachen? ' Dann zeigt die Braut auf den Bursch. Den Rothaarigen ham s' nocha glei gfesselt und furtbrocht. Die Königstochter hat dann den Richtigen gheirat und warfroh.</p>
   
  </body>
 </text>
</TEI>