<TEI xmlns="http://www.tei-c.org/ns/1.0" xmlns:iw="http://www.dglab.uni-jena.de/atu/ns" xmlns:xsi="http://www.w3.org/2001/XMLSchema-instance" xsi:schemaLocation="http://www.tei-c.org/ns/1.0 ../XSD/Schema/tei_all.xsd">
 <teiHeader>
  <fileDesc>
   <titleStmt>
    <title>Grünhösler Firchtenicht. Deutsches Märchen. Annotiert nach dem Jenaer Schema der Märchenannotation</title>
    <author/>
    <respStmt>
     <resp>Annotiert von Isabel Winschuh</resp>
     <name/>
    </respStmt>
    <principal>unter der Leitung von <name> Elguja Dadunashvili</name></principal>
   </titleStmt>
   <editionStmt>
    <edition>Studentische Arbeit im Rahmen des Seminars "Theorie und Praxis der vergleichenden Erzählforschung (digitale Erschließung)", Seminarleiter Elguja Dadunashvili <date>WS 2016/17</date></edition>
   </editionStmt>
   <publicationStmt>
    <publisher>Seminar "Theorie und Praxis der vergleichenden Erzählforschung (digitale Erschließung)" Friedrich-Schiller-Universität Jena</publisher>
    <pubPlace>Jena, Thüringen, Deutschland</pubPlace>
    <date>WS 2016/17</date>
    <availability>
     <p>Die im Rahmen des Seminars "Theorie und Praxis der vergleichenden Erzählforschung (digitale Erschließung)" angefertigte Annotation des Textes inklusive Metadaten wird unter der Lizenz CC0 1.0 Universal veröffentlicht. </p>
     <p>
      <ref target="https://creativecommons.org/publicdomain/zero/1.0/legalcode">Lizenzvertrag</ref>
     </p>
    </availability>
   </publicationStmt>
   <sourceDesc>
    <biblFull>
     <titleStmt>
      <title>Alfred Cammann : Donauschwaben erzählen. Teil 4. Marburg : Elwert, 1979</title>
      <editor>Alfred Cammann; Alfred Karasek</editor>
     </titleStmt>
     <extent/>
     <publicationStmt>
      <publisher> Schriftenreihe der Kommission für Ostdeutsche Volkskunde in der Deutschen Gesellschaft für Volkskunde e. V. Herrausgegeben von Rhard Riemann. Band 4 </publisher>
      <pubPlace>Marburg</pubPlace>
      <date>1979</date>
      <availability>
       <p>Alle Rechte liegen beim Herausgeber</p>
      </availability>
     </publicationStmt>
    </biblFull>
   </sourceDesc>
  </fileDesc>
  <profileDesc>
   <textClass>
    <keywords>
     <term>
      <index indexName="ISBN-951-41-0961-9"/>
      <ref target="https://de.wikipedia.org/wiki/Aarne-Thompson-Index"/>
      <iw:atu a326="a326: Fürchten lernen"/>
      <iw:atu a300="a300: Drachentöter"/>
     </term>
    </keywords>
    <keywords>
     <term>
      <index/>
     </term>
    </keywords>
   </textClass>
   <langUsage>
    <language ident="deu">Deutsch<index indexName="iso639-3"/><ref target="http://www-01.sil.org/iso639-3/codes.asp"/></language>
   </langUsage>
   <creation>
    <placeName>
     <country><index/>Ungarn</country>
     <region/>
     <district/>
     <settlement/>
     <geo/>
    </placeName>
    <date>1972</date>
   </creation>
   <particDesc>
    <person>
     <persName>
      <forename/>
      <surname/>
     </persName>
     <sex/>
     <age/>
     <birth>
      <date/>
      <placeName>
       <country/>
       <district/>
       <settlement/>
       <geo/>
      </placeName>
     </birth>
     <education/>
     <residence>
      <placeName>
       <country>Ungarn</country>
       <region/>
       <district/>
       <settlement/>
       <geo/>
      </placeName>
     </residence>
    </person>
   </particDesc>
  </profileDesc>
  <encodingDesc>
   <editorialDecl>
    <stdVals>
     <p>Die Annotation beruht auf dem TEI 5 Annotationsstandard ergänzt durch den Namensraum "http://www.dglab.uni-jena.de/atu/ns". Der Namensraum basiert auf dem extra für die Annotation der Märchentexte ausgearbeiteten XML-Schena "atu.xsd". Dieses gilt als Instrument für die Annotation der Märchentexte nach dem iternationalen Typenkatalog von Aarne-Thompson-Uther. Autor des XML-Schema Elguja Dadunashvili</p>
    </stdVals>
   </editorialDecl>
   <geoDecl>GPS</geoDecl>
  </encodingDesc>
 </teiHeader>
 <text>
  <body>
   <ab>
    <iw:atu h300aHD="h300 a: HD Der HD aus dem Typ 326 Fürchten lernen"/>
    <iw:atu h300bOB="h300 b: OB Königstochter"/>
    <iw:atu h300cAN="h300 c: AN Der Drache"/>
    <iw:atu h300gFH="h300 g: FH Der Hofmeister"/>
    <iw:atu h300jVB="h300 j: VB Bewohner der Stadt"/>
    <iw:atu h300hHO="h300 h: HO Der König"/>
    <iw:atu h300eHF="h300 e: HF Der HF aus dem Typ 326 Fürchten lernen"/>
    <iw:atu m300a="m300 an: Episode von 326 Fürchten lernen"/>
    <iw:atu m300b="m300 bg: Der HD gelangt in eine in tiefer Trauer lebende Stadt"/>
    <iw:atu m300b="m300 bn: Der HD wird vom VB über die Not informiert"/>
    <iw:atu m300c="m300 cn: Das OB soll dem AN geopfert werden"/>
   </ab>
   <p>
    <ref target="/PDF/Cammann_4_460.pdf"/>
   </p>
   <ab>
    <iw:atu m300d="m300 dg: Der HD geht zum Ort wo das OB geopfert werden soll"/>
    <iw:atu m300e="m300 eg: Bei dem Kampf hilft dem HD der HF"/>
    <iw:atu m300e="m300 eg: Der HD tötet den AN"/>
    <iw:atu m300e="m300 et: Der aus dem Kampf erschöpfte HD schläft ein/wird ohnmächtig"/>
   </ab>
   <p>
    <ref target="/PDF/Cammann_4_461.pdf"/>
   </p>
   <ab>
    <iw:atu m300f="m300 fe: Der FH gibt sich als Befreier aus und verlangt die Hand des OB"/>
    <iw:atu m300g="m300 gc: Der HD kehrt unbekannt in die Stadt zurück"/>
    <iw:atu m300g="m300 gg: Der HD sendet seinen HF zum HO bzw. OB"/>
    <iw:atu m300g="m300 gn: Der echte HD bzw. sein HF wird durch die zuvor unternommene Markierung belegt"/>
    <iw:atu m300g="m300 gn: Das OB erkennt den HD"/>
   </ab>
   <p>
    <ref target="/PDF/Cammann_4_462.pdf"/>
   </p>
   <ab>
    <iw:atu m300g="m300 gx: Episode zu 326 Fürchten lernen"/>
    <iw:atu m300h="m300 hf: Episode von 326 Fürchten lernen"/>
    <iw:atu m300h="m300 hg: Der HD heiratet das OB"/>
   </ab>
   <p>
    <ref target="/PDF/Cammann_4_463.pdf"/>
   </p>
  </body>
 </text>
</TEI>