<TEI xmlns="http://www.tei-c.org/ns/1.0" xmlns:tgs="http://textgrid.info/namespaces/metadata/script/2010" xmlns:jxb="http://java.sun.com/xml/ns/jaxb" xmlns:tns="http://textgrid.info/namespaces/metadata/core/2010" xmlns:tgl="http://textgrid.info/namespaces/metadata/language/2010" xmlns:tei="http://www.tei-c.org/ns/1.0" xmlns:tgr="http://textgrid.info/namespaces/metadata/agent/2010" xmlns:xsi="http://www.w3.org/2001/XMLSchema-instance" xmlns:ed="http://www.dglab.uni-jena.de/atu/ns" xsi:schemaLocation="http://www.tei-c.org/ns/1.0 ../XSD/Schema/tei_all.xsd" xml:id="tg105" n="/Literatur/M/Bechstein, Ludwig/Märchen/Deutsches Märchenbuch/Die drei Hunde">
 <teiHeader xmlns:a="http://www.textgrid.info/namespace/digibib/authors" xmlns:xi="http://www.w3.org/2001/XInclude" xmlns:fn="http://www.w3.org/2005/xpath-functions">
  <fileDesc>
   <titleStmt>
    <title>Die drei Hunde. Deutsches Märchen. Annotiert nach dem Content-Annotationsstandard (ConAS)</title>
    <author/>
    <respStmt>
     <resp>Annotiert von</resp>
     <name>Elguja Dadunashvili</name>
    </respStmt>
   </titleStmt>
   <editionStmt>
    <edition>Test-Arbeit im Rahmen des Seminars "Theorie und Praxis der vergleichenden Erzählforschung (digitale Erschließung)", Seminarleiter Elguja Dadunashvili <date>SomSem 2018</date>
    </edition>
   </editionStmt>
   <publicationStmt>
    <publisher>Friedrich-Schiller-Universität Jena</publisher>
    <pubPlace>Jena, Thüringen, Deutschland</pubPlace>
    <date>SomSem 2018</date>
    <availability>
     <p>Die im Rahmen des Seminars "Theorie und Praxis der vergleichenden Erzählforschung (digitale Erschließung)" angefertigte Annotation des Textes inklusive Metadaten wird unter der Lizenz CC0 1.0 Universal veröffentlicht. </p>
     <p>
      <ref target="https://creativecommons.org/publicdomain/zero/1.0/legalcode">Lizenzvertrag</ref>
     </p>
    </availability>
   </publicationStmt>
   <sourceDesc>
    <biblFull>
     <titleStmt>
      <title>Die drei Hunde</title>
     </titleStmt>
     <publicationStmt>
      <publisher/>
      <idno type="handle">hdl:11858/00-1734-0000-0002-21A1-6</idno>
      <idno type="TextGridUri">textgrid:kdk1.0</idno>
      <availability>
       <p> Der annotierte Datenbestand der Digitalen Bibliothek inklusive Metadaten sowie davon einzeln zugängliche Teile sind eine Abwandlung des Datenbestandes von www.editura.de durch TextGrid und werden unter der Lizenz Creative Commons Namensnennung 3.0 Deutschland Lizenz (by-Nennung TextGrid) veröffentlicht. Die Lizenz bezieht sich nicht auf die der Annotation zu Grunde liegenden allgemeinfreien Texte (Siehe auch Punkt 2 der Lizenzbestimmungen). </p>
       <p>
        <ref target="http://creativecommons.org/licenses/by/3.0/de/legalcode">Lizenzvertrag</ref>
       </p>
       <p>
        <ref target="http://creativecommons.org/licenses/by/3.0/de/"> Eine vereinfachte Zusammenfassung des rechtsverbindlichen Lizenzvertrages in allgemeinverständlicher Sprache </ref>
       </p>
       <p>
        <ref target="http://www.textgrid.de/Digitale-Bibliothek">Hinweise zur Lizenz und zur Digitalen Bibliothek</ref>
       </p>
      </availability>
      <availability>
       <p>Die im Rahmen des Seminars "Theorie und Praxis der vergleichenden Erzählforschung (digitale Erschließung9" angefertigte Annotation des Textes inklusive Metadaten wird unter der Lizenz Creative Commons Namensnennung 3.0 Deutschland Lizenz (by-Nennung des Seminars "Theorie und Praxis der vergleichenden Erzählforschung (digitale Erschließung)" veröffentlicht. </p>
      </availability>
     </publicationStmt>
     <sourceDesc>
      <biblFull>
       <titleStmt>
        <title>Ludwig Bechstein: Sämtliche Märchen. Mit Anmerkungen und einem Nachwort von Walter Scherf, München: Winkler, 1971.</title>
        <author key="pnd:118654292">Bechstein, Ludwig</author>
       </titleStmt>
       <extent>221-</extent>
       <publicationStmt>
        <publisher/>
        <date when="1971"/>
        <pubPlace>München</pubPlace>
       </publicationStmt>
      </biblFull>
     </sourceDesc>
    </biblFull>
   </sourceDesc>
  </fileDesc>
  <profileDesc>
   <creation>
    <date notBefore="1801" notAfter="1860"/>
   </creation>
   <textClass>
    <keywords scheme="http://textgrid.info/namespaces/metadata/core/2010#genre">
     <term>prose</term>
    </keywords>
    <keywords>
     <term>
      <ed:atu a300="a300: Drachentöter"/>
     </term>
     <term>
      <ed:atu a562="a562: Geist im blauen Licht"/>
      <ed:atu a300="a300: Drachentöter"/>
     </term>
    </keywords>
   </textClass>
   <langUsage>
    <language ident="deu"/>
   </langUsage>
   <creation>
    <placeName>
     <country>Deutschland</country>
     <region/>
     <district/>
     <settlement/>
     <geo/>
    </placeName>
    <date notAfter="1852"/>
   </creation>
   <particDesc>
    <person>
     <persName>
      <forename/>
      <surname/>
     </persName>
     <sex>m</sex>
     <age/>
     <birth>
      <date/>
      <name type="place"/>
     </birth>
     <education/>
    </person>
    <person role="ForscherIn">
     <persName>
      <surname>Bechstein</surname>
     </persName>
    </person>
   </particDesc>
  </profileDesc>
 </teiHeader>
 <text>
  <body>
   <div type="text" xml:id="tg105.3">
    <div type="h4">
     <head type="h4" xml:id="tg105.3.1">Die drei Hunde</head>
     <ab>
      <ed:atu h562aHD="h562 a: HD Der Sohn des Schäfers"/>
      <ed:atu h562dHF="h562 d: HF Der Hund / die Hunde"/>
      <ed:atu h562fST="h562 f: ST Ubekannter Mann"/>
      <ed:atu m562a="m562 ag: Als Ausgleich des verlorengegangenen vaterlichen Erbes bekommt der HD den HF"/>
      <ed:atu m562b="m562 bg: Getauscht werden die Schafe"/>
      <ed:atu m562e="m562 eu: Episode zu 300 Der Drachentöter"/>
     </ab>
     <p xml:id="tg105.3.2"> Ein Schäfer hinterließ seinen beiden Kindern, einem Sohn und einer Tochter, nichts als drei Schafe und ein Häuschen, und sprach auf seinem Totenbette: »Teilt euch geschwisterlich darein, daß nicht Hader und Zank zwischen euch entstehe.« Als der Schäfer nun gestorben war, fragte der Bruder die Schwester, welches sie lieber wolle, die Schafe oder das Häuschen? Und als sie das Häuschen wählte, sagte er: »So nehm ich die Schafe und gehe in die weite Welt: es hat schon mancher sein Glück gefunden und ich bin ein Sonntagskind.« Er ging darauf mit seinem Erbteil fort; das Glück wollte ihm jedoch lange nicht begegnen. Einst saß er recht verdrießlich an einem Kreuzweg, ungewiß, wohin er sich wenden wollte; auf einmal sah er einen Mann neben <pb n="221" xml:id="tg105.3.2.1"/> sich, der hatte drei schwarze Hunde, von denen der eine immer größer als der andre war. »Ei, junger Gesell«, sagte der Mann, »Ihr habt da drei schöne Schafe. Wißt Ihr was, gebt mir die Schafe, ich will Euch meine Hunde dafür geben.« Trotz seiner Traurigkeit mußte jener lachen. »Was soll ich mit Euren Hunden tun?« fragte er; »meine Schafe ernähren sich selbst, die Hunde aber wollen gefüttert sein.« – »Meine Hunde sind von absonderlicher Art«, antwortete der Fremde; »sie ernähren Euch, statt Ihr sie und werden Euer Glück machen. Der Kleinere da heißt: ›bring Speisen‹, der zweite ›zerreiß'n‹, und der große Starke ›brich Stahl und Eisen‹.« Der Schäfer ließ sich endlich beschwatzen und gabe seine Schafe hin. Um die Eigenschaft seiner Hunde zu prüfen, sprach er: »Bring Speisen!« und alsbald lief der eine Hund fort und kam zurück mit einem großen Korb voll der herrlichsten Speisen. Den Schäfer gereuete nun der Tausch nicht; er ließ sich's wohl sein und zog lange im Lande umher.</p>
     <ab>
      <ed:atu h300aHD="h300 a: HD Der HD aus dem Typ 562 Das blaue Licht"/>
      <ed:atu h300bOB="h300 b: OB Königstochter"/>
      <ed:atu h300cAN="h300 c: AN Der Drache"/>
      <ed:atu h300eHF="h300 e: HF Der HF aus dem Typ 562 Das blaue Licht"/>
      <ed:atu h300gFH="h300 g: FH Der Kutscher"/>
      <ed:atu h300hHO="h300 h: HO Der König"/>
      <ed:atu m300a="m300 an: Episode von 562 Das Blaue Licht"/>
      <ed:atu m300b="m300 bn: Der HD begegnet dem OB das zum AN geführt wird"/>
      <ed:atu m300c="m300 cg: Der AN lässt die Bewohner der Stadt ihm Tribut zu entrichten"/>
      <ed:atu m300c="m300 cn: Das OB soll dem AN geopfert werden"/>
      <ed:atu m300d="m300 dg: Der HD begleitet dem zum AN geführten OB"/>
      <ed:atu m300e="m300 eg: Der HD tötet den AN"/>
      <ed:atu m300e="m300 eg: Bei dem Kampf hilft dem HD der HF"/>
      <ed:atu m300e="m300 en: Der HD behält die unauffällige Körperteile des erlegten AN"/>
      <ed:atu m300e="m300 ev: Der HD schickt das OB zu ihrer Eltern"/>
     </ab>
     <p rend="zenoPLm4n0" xml:id="tg105.3.3">Einst begegnete ihm ein Wagen mit zwei Pferden bespannt und ganz mit schwarzen Decken bekleidet und auch der Kutscher war schwarz angetan. In dem Wagen saß ein wunderschönes Mädchen in einem schwarzen Gewande, das weinte bitterlich. Die Pferde trabten traurig und langsam und hingen die Köpfe. »Kutscher, was bedeutet das?« fragte der Schäfer. Der Kutscher antwortete unwirsch, jener aber ließ nicht nach zu fragen, bis der Kutscher erzählte, es hause ein großer Drache in der Gegend, dem habe man, um sich vor seinen Verwüstungen zu sichern, eine Jungfrau als jährlichen Tribut versprechen müssen, die er mit Haut und Haar verschlinge. Das Los entscheide allemal unter den vierzehnjährigen Jungfrauen und diesmal habe es die Königstochter betroffen. Darüber sei der König und das ganze Land in tiefster Betrübnis und doch müsse der Drache sein Opfer erhalten. Der Schäfer fühlte Mitleid mit dem schönen jungen Mädchen und folgte dem Wagen. Dieser hielt endlich an einem hohen Berge. Die Jungfrau stieg aus und schritt langsam ihrem schrecklichen Schicksal entgegen. Der Kutscher sah nun, daß der fremde Mann ihr folgen wollte, und warnte ihn, der Schäfer ließ sich jedoch nicht abwendig machen. Als sie die Hälfte des Berges erstiegen hatten, kam vom Gipfel herab ein schreckliches Untier mit einem Schuppenleib, Flügeln und ungeheuren <pb n="222" xml:id="tg105.3.3.1"/> Krallen an den Füßen; aus seinem Rachen loderte ein glühender Schwefelstrom und schon wollte es sich auf seine Beute stürzen, da rief der Schäfer: »Zerreiß'n!« und der zweite seiner Hunde stürzte sich auf den Drachen, biß sich in der Weiche desselben fest, und setzte ihm so zu, daß das Ungeheuer endlich niedersank und sein giftiges Leben aushauchte, der Hund aber fraß ihn völlig auf, daß nichts <pb n="223" xml:id="tg105.3.3.2"/> übrig blieb als ein Paar Zähne, die steckte der Schäfer zu sich. Die Königstochter war ganz ohnmächtig vor Schreck und vor Freude, der Schäfer erweckte sie wieder zum Leben und nun sank sie ihrem Retter zu Füßen und bat ihn flehentlich, mit zu ihrem Vater zu kommen, der ihn reich belohnen werde. Der Jüngling antwortete, er wolle sich erst in der Welt umsehen, nach drei Jahren aber wieder kommen. Und bei diesem Entschluß blieb er. Die Jungfrau setzte sich wieder in den Wagen und der Schäfer ging eines andern Weges fort.</p>
     <ab>
      <ed:atu m300f="m300 fd: Unter dem Druck zwingt der FH das OB ihn als Befreier auszugeben"/>
      <ed:atu m300f="m300 fe: Der FH gibt sich als Befreier aus und verlangt die Hand des OB"/>
      <ed:atu m300f="m300 ff: Wegen der Minderjährigkeit des OB wird die Hochzeit verschoben"/>
     </ab>
     <p rend="zenoPLm4n0" xml:id="tg105.3.4">Der Kutscher aber war auf böse Gedanken gekommen. Als sie über eine Brücke fuhren, unter der ein großer Strom floß, hielt er still, wandte sich zur Königstochter und sprach:</p>
     <p rend="zenoPLm4n0" xml:id="tg105.3.5">»Euer Retter ist fort und begehrt Eures Dankes nicht. Es wäre schön von Euch, wenn Ihr einen armen Menschen glücklich machtet. Saget deshalb Eurem Vater, daß ich den Drachen umgebracht habe; wollt Ihr aber das nicht, so werf ich Euch hier in den Strom und niemand wird nach Euch fragen, denn es heißt, der Drache habe Euch verschlungen.« Die Jungfrau wehklagte und flehte, aber vergeblich; sie mußte endlich schwören, den Kutscher für ihren Retter auszugeben und keiner Seele das Geheimnis zu verraten. So fuhren sie in die Stadt zurück, wo alles außer sich vor Entzücken war; die schwarzen Fahnen wurden von den Türmen genommen und bunte darauf gesteckt, und der König umarmte mit Freudentränen seine Tochter und ihren vermeintlichen Retter. »Du hast nicht nur mein Kind, sondern das ganze Land von einer großen Plage errettet«, sprach er. »Darum ist es auch billig, daß ich dich belohne. Meine Tochter soll deine Gemahlin werden; da sie aber noch allzu jung ist, so soll die Hochzeit erst in einem Jahre sein.« Der Kutscher dankte, ward prächtig gekleidet, zum Edelmanne gemacht und in allen feinen Sitten, die sein nunmehriger Stand erforderte, unterwiesen. Die Königstochter aber erschrak heftig und weinte bitterlich als sie dies vernahm und wagte doch nicht, ihren Schwur zu brechen. Als das Jahr um war, konnte sie nichts erreichen, als die Frist noch eines Jahres. Auch dies ging zu Ende und sie warf sich dem Vater zu Füßen und bat um noch ein Jahr, denn sie dachte an das Versprechen ihres wirklichen Erretters. Der König konnte ihrem Flehen nicht widerstehen und gewährte ihr die Bitte, mit dem Zusatz jedoch, daß dies die letzte Frist sei, die er ihr <pb n="224" xml:id="tg105.3.5.1"/> gestatte. Wie schnell verrann die Zeit! Der Trauungstag war nun festgesetzt, auf den Türmen wehten rote Fahnen und das ganze Volk war im Jubel.</p>
     <ab>
      <ed:atu m300g="m300 gc: Der HD kehrt unbekannt in die Stadt zurück"/>
      <ed:atu m300g="m300 ge: Der HD wird ins Gefängnis geworfen"/>
      <ed:atu m300g="m300 gf: Der HD wird von seinem HF befreit"/>
      <ed:atu m300g="m300 gg: Der HD sendet seinen HF zum HO bzw. OB"/>
     </ab>
     <p rend="zenoPLm4n0" xml:id="tg105.3.6">An demselben geschah es, daß ein Fremder mit drei Hunden in die Stadt kam. Der fragte nach der Ursache der allgemeinen Freude und erfuhr, daß die Königstochter eben mit dem Manne vermählt werde, der den schrecklichen Drachen erschlagen. Der Fremde schalt diesen Mann einen Betrüger, der sich mit fremden Federn schmücke. Aber er wurde von der Wache ergriffen und in ein enges Gefängnis mit eisernen Türen geworfen. Als er nun so auf seinem Strohbündel lag und sein trauriges Geschick überdachte, glaubte er plötzlich draußen das Winseln seiner Hunde zu hören; da dämmerte ein lichter Gedanke in ihm auf. »Brich Stahl und Eisen!« rief er so laut er konnte und alsbald sah er die Tatzen seines größten Hundes an dem Gitterfenster, durch welches das Tageslicht spärlich in seine Zelle fiel. Das Gitter brach und der Hund sprang in die Zelle und zerbiß die Ketten, mit denen sein Herr gefesselt war; darauf sprang er wieder hinaus und sein Herr folgte ihm. Nun war er zwar frei, aber der Gedanke schmerzte ihn sehr, daß ein anderer seinen Lohn ernten solle. Es hungerte ihn auch und er rief seinen Hund an: »Bring Speisen!« Bald darauf kam der Hund mit einer Serviette voll köstlicher Speisen zurück; in die Serviette war eine Königskrone gestickt.</p>
     <ab>
      <ed:atu m300g="m300 gn: Der echte HD bzw. sein HF wird durch die zuvor unternommene Markierung belegt"/>
      <ed:atu m300g="m300 gn: Das OB erkennt den HD"/>
      <ed:atu m300g="m300 gu: Der FH wird bestraft"/>
      <ed:atu m300h="m300 hg: Der HD heiratet das OB"/>
      <ed:atu m300h="m300 hu: Episode zu 562 Geist im blauen Licht"/>
     </ab>
     <p rend="zenoPLm4n0" xml:id="tg105.3.7">Der König hatte eben mit seinem ganzen Hofstaat an der Tafel gesessen, als der Hund erschienen war und der bräutlichen Jungfrau bittend die Hand geleckt hatte. Mit freudigem Schreck hatte sie den Hund erkannt und ihm die eigne Serviette umgebunden. Sie sah dies als einen Wink des Himmels an, bat den Vater um einige Worte und vertraute ihm das ganze Geheimnis. Der König sandte einen Boten dem Hunde nach, der bald darauf den Fremden in des Königs Kabinet brachte. Der König führte ihn an der Hand in den Saal; der ehemalige Kutscher erblaßte bei seinem Anblick und bat knieend um Gnade. Die Königstochter erkannte den Fremdling als ihren Retter, der sich noch überdies durch die Drachenzähne, die er noch bei sich trug, auswies. Der Kutscher ward in einen tiefen Kerker geworfen und der Schäfer nahm seine Stelle an der Seite der Königstochter ein. Diesmal bat sie nicht um Aufschub der Trauung.</p>
     <ab>
      <ed:atu m562f="m562 fg: Episode von 300 Der Drachentöter"/>
      <ed:atu m562f="m562 fn: Der HF verwandelt sich in den Vogel"/>
     </ab>
     <p rend="zenoPLm4n0" xml:id="tg105.3.8">
      <pb n="225" xml:id="tg105.3.8.1"/> Das junge Ehepaar lebte schon eine geraume Zeit in wonniglichem Glück, da gedachte der ehemalige Schäfer seiner armen Schwester und sprach den Wunsch aus, ihr von seinem Glück mitzuteilen. Er sandte auch einen Wagen fort sie zu holen und es dauerte nicht lange, so lag sie an der Brust ihres Bruders. Da begann einer der Hunde zu sprechen und sagte: »Unsere Zeit ist nun um; du bedarfst unser nicht mehr. Wir blieben nur so lange bei dir, um zu sehen, ob du auch im Glück deine Schwester nicht vergessen würdest.« Darauf verwandelten sich die Hunde in drei Vögel und verschwanden in den Lüften.</p>
    </div>
   </div>
  </body>
 </text>
</TEI>