<TEI xmlns="http://www.tei-c.org/ns/1.0" xmlns:iw="http://www.dglab.uni-jena.de/atu/ns" xmlns:xsi="http://www.w3.org/2001/XMLSchema-instance" xsi:schemaLocation="http://www.tei-c.org/ns/1.0 ../XSD/Schema/tei_all.xsd">
 <teiHeader>
  <fileDesc>
   <titleStmt>
    <title>Das Zweibrüdermärchen. Deutsches Märchen. Annotiert nach dem Jenaer Schema der Märchenannotation</title>
    <author/>
    <respStmt>
     <resp>Annotiert von Isabel Winschuh</resp>
     <name/>
    </respStmt>
    <principal>unter der Leitung von <name> Elguja Dadunashvili</name></principal>
   </titleStmt>
   <editionStmt>
    <edition>Studentische Arbeit im Rahmen des Seminars "Theorie und Praxis der vergleichenden Erzählforschung (digitale Erschließung)", Seminarleiter Elguja Dadunashvili <date>WS 2016/17</date></edition>
   </editionStmt>
   <publicationStmt>
    <publisher>Seminar "Theorie und Praxis der vergleichenden Erzählforschung (digitale Erschließung)" Friedrich-Schiller-Universität Jena</publisher>
    <pubPlace>Jena, Thüringen, Deutschland</pubPlace>
    <date>WS 2016/17</date>
    <availability>
     <p>Die im Rahmen des Seminars "Theorie und Praxis der vergleichenden Erzählforschung (digitale Erschließung)" angefertigte Annotation des Textes inklusive Metadaten wird unter der Lizenz CC0 1.0 Universal veröffentlicht. </p>
     <p>
      <ref target="https://creativecommons.org/publicdomain/zero/1.0/legalcode">Lizenzvertrag</ref>
     </p>
    </availability>
   </publicationStmt>
   <sourceDesc>
    <biblFull>
     <titleStmt>
      <title>Alfred Cammann : Donauschwaben erzählen. Teil 4. Marburg : Elwert, 1979</title>
      <editor>Alfred Cammann; Alfred Karasek</editor>
     </titleStmt>
     <extent/>
     <publicationStmt>
      <publisher> Schriftenreihe der Kommission für Ostdeutsche Volkskunde in der Deutschen Gesellschaft für Volkskunde e. V. Herrausgegeben von Rhard Riemann. Band 4 </publisher>
      <pubPlace>Marburg</pubPlace>
      <date>1979</date>
      <availability>
       <p>Alle Rechte liegen beim Herausgeber</p>
      </availability>
     </publicationStmt>
    </biblFull>
   </sourceDesc>
  </fileDesc>
  <profileDesc>
   <textClass>
    <keywords>
     <term>
      <index indexName="ISBN-951-41-0961-9"/>
      <ref target="https://de.wikipedia.org/wiki/Aarne-Thompson-Index"/>
      <iw:atu a300="a300: Drachentöter"/>
      <iw:atu a303="a303: Die zwei Bruder"/>
      <iw:atu a567="a567: Das wunderbare Vogelherz"/>
     </term>
    </keywords>
   </textClass>
   <langUsage>
    <language ident="deu">Deutsch<index indexName="iso639-3"/><ref target="http://www-01.sil.org/iso639-3/codes.asp"/></language>
   </langUsage>
   <creation>
    <placeName>
     <country><index/>Ungarn</country>
     <region>Mitteltransdanubien</region>
     <district>Tatabanya</district>
     <settlement>Untergalla</settlement>
     <geo>47.58494 18.39325</geo>
    </placeName>
    <date>1936</date>
   </creation>
   <particDesc>
    <person role="Informant">
     <persName>
      <forename>Paul</forename>
      <surname>Frank</surname>
     </persName>
     <sex value="M">männlich</sex>
     <age/>
     <birth>
      <date/>
      <placeName>
       <country/>
       <district/>
       <settlement/>
       <geo/>
      </placeName>
     </birth>
     <education/>
     <residence>
      <placeName>
       <country>Ungarn</country>
       <region/>
       <district/>
       <settlement/>
       <geo/>
      </placeName>
     </residence>
    </person>
    <person role="Forscher">
     <persName>
      <forename>Karl</forename>
      <surname>Haiding</surname>
     </persName>
    </person>
   </particDesc>
  </profileDesc>
  <encodingDesc>
   <editorialDecl>
    <stdVals>
     <p>Die Annotation beruht auf dem TEI 5 Annotationsstandard ergänzt durch den Namensraum "http://www.dglab.uni-jena.de/atu/ns". Der Namensraum basiert auf dem extra für die Annotation der Märchentexte ausgearbeiteten XML-Schena "atu.xsd". Dieses gilt als Instrument für die Annotation der Märchentexte nach dem iternationalen Typenkatalog von Aarne-Thompson-Uther. Autor des XML-Schema Elguja Dadunashvili</p>
    </stdVals>
   </editorialDecl>
   <geoDecl>GPS</geoDecl>
  </encodingDesc>
 </teiHeader>
 <text>
  <body>
   <head> Das Zweibrüdermärchen</head>
   <ab>
    <iw:atu a567="a567: Das wunderbare Vogelherz"/>
    <!--<iw:atu h567aHD="h567 a: HD Zwei Brüder"/>-->
    <iw:atu h567aHD="h567 a: HD Ein armer Jüngling"/>
    <iw:atu m567a="m567 ag: Der VB findet das OB"/>
    <iw:atu m567a="m567 am: Das VB erfährt die Zaubereigenschaft des OB"/>
    <iw:atu m567a="m567 an: Die Begabung wird durch das Essen von Magen erworben"/>
    <iw:atu m567a="m567 an: Wer das Organ ißt wird Gold produzieren"/>
    <iw:atu m567a="m567 av: Das OB wird vom HD gegessen"/>
    <iw:atu m567b="m567 bb: Wegen der Lebensgefahr muss der HD davon fliehen"/>
    <iw:atu m567b="m567 bu: Episode zu 303 Die zwei Brüder"/>
   </ab>
   <p>Des wdr amödl ein drmer Männ, ein recht ein örmer Männ. Der höt ka Andere Beschäftigung ghobt, so is er in Wdld gänga und hdt Besn fleißig gschnittn, und de Besn höt a fleißig vakauft. Und er höt große Familie ghdbt, und von den hödt er sei Familie hölt so furtgwicklt. Er höt an Bruader ghöbt, no, des wör ein Goldbrbeiter, ein reicher Männ, und der höt eam mit ninicks gholfn.</p>
   <p> Jetzt is er a Mol in Wold ganga und hot sein klan Buam mitgnomma. So a fünf Johr wor der Bua olt. Jetzt wia sie san so in Wold rumganga, jetzt habm sie gsegn a Nest am Bam obm, und is a goldigs Vogl drin ghockt. Der Bua hot wolln des Nest ausnemma und in Vogl fangan, und der Voter hots nit lossn, Der Voter hat sein Besnreisig weiter gschnittn, und der Bua is ober raufkrakslt am Bam. Der Vogl is rausgflogn, und er hot ober an Ar (Ei) gnomma ausn Nest und hots mit z' Haus gnomma.,. Jetzt, wia sie san schon bold z' Haus gwest, jetzt zagt der Bua in Voter des Ar, Sogt er: ' Wos host denn dugmocht, warum host des Ar nit liegn lossn? "' Sans nocha z’ Haus, un da Voter hot des Ar gnomma und sein Bruada zagt. Und sein Bruada hots sein Weib zagt, und sein Weib hot gsogt: ' Der Vogl war ma liaber als wia des Eier!'' De hot schon gwußt, de muaß a so a Heks gwest sein, wos des fir a Vogl is, wos ma do fir a Wirkung mochn kann davon. In andern Tog is der Mann wieder nausganga mitn Buam und habm in Vogl gfanga und habm in Vogl z' Haus und habm an sein Bruada hintrogn, Und sein Bruada sein Weib de hot den Vogl ogstochn und hot ema die Leber rausgnomma und hot sie kocht. Weil der, wo von dera Leber g'essn hot, is olle Tog in der Frih ein Goldstuck untern Kopf glegn. Wia sie die Leber brodn hot, de Frau, den Goldorbeiter sein Weib, so is da klane Bua hinkomma zu seiner Basl un hot gsegn, daß am Sporherd etwas brotn tuat; jetzt is a hin und hot in Stürzel (Deckel) runtergnomma von Reindl und hot de Leber rausgnomma und hot sie gessn. Jetzt kommt de Frau raus, sogt: ''Jetzt is de Reindl laar, wer hot die Leber gfressn, die Katz ober wer? ' _ Der Bua is furt, jetzt hot 's nit gewußt, wer die Leber gfressn hot.</p>
   <p> In andern Toch geht sein Votr wieder mitn Buam in Wold, Jetzt wie-r-a hinauskommt in Wold natürlich, er hot noch mehrere Kinder ghobt jetzt hot er den klan Buam draußn in Wald laufn lossn. Er is eam verkommen, der Bua, Der Bua is immer weiter in Wold kommen stott heraus. Jetzt hot der Bua schon stork gschrian und gwant, jo sein Voter findt er nimmer, Sein Voter geht z' Haus und Sogt 's der Muatter. De hot a stork gwant und gjammert um an Buam, mun der Bua is hol ing Wold rumganga dann. Word Nocht, so hot er sie niederglegt und hot richti eingschloffn. In der Frieh steht er auf und geht holt wieder weiter und zaunt immer und want und schreit, er find niemand und sicht niemand. Jetzt endlich kommt a Jager gangen und hot in Buam gfrogt, von wo er is und wia er doher kummt. So hot er eam gsogt, der Bua, sogt er: ' Mit mein Voter bin i in Wold ganga und ihob mein Voter verlorn und mein Voter mi!"</p>
   <ab>
    <iw:atu a303="a303: Die zwei Bruder"/>
    <iw:atu h303aHD="h303 a: HD Die HDen aus dem Typ 567 Das wunderbare Vogelherz"/>
    <iw:atu h303dST="h303 d: ST Der Jäger"/>
    <iw:atu m303b="m303 bb: Einer der HDen verlässt das Haus"/>
    <iw:atu m303b="m303 bu: Episode zu 554 Dankbare Tiere"/>
   </ab>
   <p>Jetzt hot der Jacha in Buam z' Haus gnomma. Er hot in Wold a Haus ghobt, a so a Jachahaus, Und der hot a so an Buam ghobt, wia der is gwest, so groß. Jetzt hot er die Buam immer zsammglegt in Bett, in an Bett hot er sie glegt. Jetzt, in der Frih, wia die Muatter die Betin mocht, jetzt finds a Goldstuck untern Kopfpolster, Jetzt hot sie ihrn Mann gsogt: 'Du, des muaß ka ormer Bua sein, der bringt Gold olle Tog, der hot a Goldstickal untern Kopf ghobt!" Jetzt hot da Jacha no a größere Freid ghobt mitn Buam und hot den Buam no besser glei a schens Gwand kaft, so wia sein hot ern gholtn. Und olle Tog in der Frih, wie er aufgstandn is, is a Goldstuck untern Kopf glegn. Die Buam san aufgwochsn bis ocht, zehn Johr, dann hot er an jeden a Gwehr kauft, a Jogdgwehr, und is naus in Wold mit eana, hot eana schiaßn glernt. Und den Buam, wo-r-a-gfunden hot in Wold, der hot immer troffn, immer besser gschossen wia sein eigener Bua. Jetzt, de Buam wochsn auf, jetzt hot aner gsogt, wos der gfundene Bua wor, sogt er: ' Voter, mir miassn gehn, die Welt probiern'' is sein Ziehvoter gwest nur sogt er, ''mir missn gehn, die Welt probiern!" Und der Muatter hot ers auch gsogt. Die Muatter hot nit wolln wissn davon, weil sie de Goldstuck verliert alle Tog; aber die Buam habm ka Ruah gebm. Jetzt hat sie eana dann zsammpockt, Geld, Eßwerk, und de Gwehra hot a eana gebm, der Voter, und a Lodung dazu hibsch, und san sie weggrast.</p>
   <ab>
    <iw:atu h554aHD="h554 a: HD Der HD aus dem Typ 303 Die zwei Brüder"/>
    <iw:atu h554eHF="h554 e: HF Hase"/>
    <iw:atu h554eHF="h554 e: HF Bär"/>
    <iw:atu h554eHF="h554 e: HF Wolf"/>
    <iw:atu h554eHF="h554 e: HF Löwe"/>
    <iw:atu m554a="m554 ag: Episode von 303 Die zwei Brüder"/>
    <iw:atu m554b="m554 bg: Der HD verschont den HF"/>
    <iw:atu m554c="m554 cg: Der HF gibt dem HD sein Junge"/>
    <iw:atu m554e="m554 eg: Episode zu 303 Die zwei Brüder"/>
    <iw:atu m303b="m303 bg: Bei der Trennung wird ein Lebenszeichen gesetzt"/>
    <iw:atu h300aHD="h300 a: HD Der HD aus dem Typ 303 Die zwei Brüder"/>
    <iw:atu h300bOB="h300 b: OB Königstochter"/>
    <iw:atu h300cAN="h300 c: AN Der Drache"/>
    <iw:atu h300hHO="h300 h: HO Der König"/>
    <iw:atu h300eHF="h300 e: HF Der HF aus dem Typ 303 Die zwei Brüder"/>
    <iw:atu h300gFH="h300 g: FH Der Diener"/>
    <iw:atu h300jVB="h300 j: VB Der Wirt"/>
    <iw:atu h300fZM="h300 f: ZM Kräuter"/>
    <iw:atu m300a="m300 an: Episode von 303 Die zwei Brüder"/>
    <iw:atu m300b="m300 bg: Der HD gelangt in eine in tiefer Trauer lebende Stadt"/>
    <iw:atu m300b="m300 bn: Der HD wird vom VB über die Not informiert"/>
    <iw:atu m300c="m300 cn: Das OB soll dem AN geopfert werden"/>
    <iw:atu m300c="m300 cp: Der HO habe das OB demjenigen zur Frau versprochen, der den Drachen tödte"/>
    <iw:atu m300d="m300 dg: Der HD begleitet dem zum AN geführten OB"/>
    <iw:atu m300e="m300 eg: Bei dem Kampf hilft dem HD der HF"/>
    <iw:atu m300e="m300 eg: Der HD tötet den AN"/>
    <iw:atu m300e="m300 en: Der HD behält die unauffällige Körperteile des erlegten AN"/>
    <iw:atu m300e="m300 et: Der aus dem Kampf erschöpfte HD schläft ein/wird ohnmächtig"/>
    <iw:atu m300e="m300 ev: Der FH bringt den HD um"/>
    <iw:atu m300f="m300 fd: Unter dem Druck zwingt der FH das OB ihn als Befreier auszugeben"/>
   </ab>
   <p>Sie san ober immer in Wold ganga aufn Weg. Jetzt af a Mol segn sie an Hosn sitzn. Jetzt sogt der ane: "Durt sitzt a Hos, den wern ma niederschiaßn!" Und der Hos hot des ghört, so hot der Hos gsogt: "Meine lieben Jungan, schonts ma mein Lebm, i gib eink lieber meine zwa Jungan! ' Und der olde Hos hot eana seine zwa Jungan ibagebn. Jetzt san sie weitergrast, de zwa jungen Hosn san mit eana gangan. Jetzt segn sie an Fuchs, sogt wieder ana: "'Nu, durt sitzt a Fuchs, den wern ma schiaßn!'' Jetzt der Fuchs sogt: ' Loßts ma mein Lebn, i gib eink lieber meine zwa Jungan!'' Der hot eana a seine zwa Jungan gebm dann. Jetzt segn sie an Wolf sitzn, jetzt sogt der ane wieder nur: ' Durt sitzt a Wolf, schiaß ma den!'" Der schreit a zu eana: ” Loßts ma mein Lebm, i gib eink meine zwa Jungan!'' Jetzt gangans wiederum a Stuck, jetzt segns an Bärn sitzn. Jetzt sogt der ane: ' Dort sitzt a Bär, den wern ma ober schiaßn!' Der sogt ebenfolls: '' Loßts ma mein Lebm, i gib eink meine zwa Jungan!' Der hot eana a de zwa Jungan gebm. Jetzt gangans wiederum a Stuck, jetzt segn sie an Lebm (Löwen) sitzn. Jetzt sogt der ane wieder: ' Den Leb wern ma ober niederschiaßn jetzt!' Jetzt der schreit a: '' Laßts ma mein Lebm, i gib eink meine zwa Jungan! ' So habms jetzt zehn Stuck mitsamt ghobt. Jetzt san sie grast weiter. Jetzt kommens auf an Kreuzweg, und durt in der Mittn is a großer Bam gstandn. Jetzt sogt ans zum andern: "Du Bruader, jetzt müaß ma vonanander; bisher habm ma an Weg ghobt, do gehn zwa Weg, do muaß ma vonanander gehn! Do werdn wir unser Schwertin den Bam neinsteckn, und den seins, wo verrost wird sein, der wird tot sein, wann ma zruckkummen in an Johr ower (oder) zwa Johr, und den seins, wo hell is, der lebt, wenns nit verrost is!" Und de Viecher hot a jeder fünfe gnommen, von a jeder Gottung ans. Jetzt habm sa sie beurlaubt voneinander und sein aner links gangen und der andere rechts. No, und der ane, wo der gfundene Bua wor, der kummt in a Stodt nein. Jetzt siecht er durft in Trauer ausgehangene schworze Fohnen, und die Stodt is ganz traurig gwest, Jetzt geht er in a Wirtshaus nein und frogt drin: ' Wos is do Neiks, weil do is olles traurig? '' Natürlich mit seine Viecher is er neinganga. Wiera neinkummt, der Wirt hot sie selbst gfurchtn von de Viecher, so sogt er: ' Brauchst di nit firchtn, de tan da niks!'' No, un so hot eam der Wirt dann dazählt, warum die Stodt so traurig is. Sogt er: ' Obm am Berg is a Kopelln, do kummt olle Tog a Madl rauf, und grod morgn is an der Königstochter die Reih, und darum is die Stadt so traurig. Und de san olle wegkumman dort!' So is der Bursch dann zum König gangan und hot sie gmeldt, er wird mitgehn und wird die Königstochter bewochtn! So hot der König gsogt: ' Wannst du 's bewochn kannst, daß ihr niks gschicht, so kriegst sie zu deiner Frau, zu dein Weib! “ No, und weils is Nocht wordn, is a mit ihr naufgangan am Berg und is nein in dera Kopelln mit da Königstochter, und habm sie drin niederkniet und habm bet', So af an Mol hot er a Stimm kriacht: Hintern Altor is a Staan, und den soll er aufhebm! Is er hintere und hot den Stan aufghebt: Is a Schwert gsteckt hintern Altor, a ganz verrosts Schwert! Und er hot des Schwert dann gnommen und is fira gangen wieder zu der Königstochter und hot wieder weiterbet' mit ihr. Jetzt, wie sie so betn mit, af an Mol hört er holt, wias draus surrn tuat, wie wann ein Flieger kummt und brummt, Jetzt is de Königstochter schonohnmächtig wordn, Er hot sie aufgwoschn, er hot ober ka Zeit mehr ghobt weiter, er hot naus müassn, Jetzt wie-r-a nauskummt, jetzt kummt a Droch gflogn mit zwölf Köpf! Und der Droch, wie-r-a is gegen ean kumma, so hot er an Hieb gmocht mitn Schwert, und af an Hieb hot er eam siebm Köpf glei runterghaut und dann hot er weitergfecht mit eam. Dann hot er eam no an runterghaut und dann hot er weitergfecht mit eam, Dann hot er eam no an runterbrocht. Dann is er schon stork mied gwest. Dann hot er seine Viecher gsogt, jetzt solln sie orbeitn, jetzt muaß er rostn! Und da Bär und da Wolf san her und habm holt graft mit eam. De habm eam ober wenig anghobt, Jetzt, wia da Leb gsegn hot, daß de wenig zeign, jetzt is er hin und hot eam de zwa Köpf weggrissn! Jetzt, wia der Droch hin wor, jetzt is er schnell in de Kopelln neingloffn, wos die Königstochter mocht. Jetzt, weil er neinkommt, liegt sie wieder in der Ohnmocht, Jetzt hot er sie aufgwoschn, und dann hot sie eam a Socktuach gebm und ihrn Ring gebm und von Haarzopf a goldige Nodel, Und er hot ihr a sein Ring gebm und hot ihr a sein Socktuach gebm, und dos dritte waaß i ober nit, wos er ihr gebm.hot is a genug, nit? Und so is er dann naufgangan mit ihr und is hin zu die zwölf Köpf und hot von an jeden Kopf dos Zungespitzerl rausgschnittn von der Goschn und hots in des Socktuach nei und hots zsammbundn und hots in sein Büchssack neingsteckt.</p>
   <ab>
    <iw:atu m300e="m300 ew: Die HF erweckt den HD mit Hilfe des ZMs zum Leben"/>
    <iw:atu m300g="m300 gc: Der HD kehrt unbekannt in die Stadt zurück"/>
    <iw:atu m300g="m300 gb: Der HD erkundigt sich beim VB über die Hochzeit"/>
    <iw:atu m300g="m300 gg: Der HD sendet seinen HF zum HO bzw. OB"/>
    <iw:atu m300g="m300 gn: Das OB erkennt den HD"/>
    <iw:atu m300g="m300 gn: Der echte HD bzw. sein HF wird durch die zuvor unternommene Markierung belegt"/>
    <iw:atu m300g="m300 gn: Jedermann erkennt nun, dass HD der wahre Retter des OB ist"/>
    <iw:atu m300g="m300 gu: Der FH wird bestraft"/>
    <iw:atu m300h="m300 hg: Der HD heiratet das OB"/>
    <iw:atu m300h="m300 hu: Episode zu 303 Die zwei Brüder"/>
   </ab>
   <p>Jetzt'', sogt er, "jetzt gemma stad z' Haus zua!' Habm sie wolln nuntergehn vom Berg, und wia s' san zwahundert Schritt von der Kopelln weg gwest, so hot sie gsogt: ' Hörst, i bin stork miad!" Und er hot gsogt: ' Hott, i bin a miad, setz ma uns nieder!" No, und des wor a hoches Gros durt, wo sa sie niedergsetzt habm. Er hot ober glei gwußt, daß er wird einschlofn und sie a, die Königstochter, und so hot er zu seine Viecher gsogt: ' Es werds do wochtn, wann i einschlof, und kummt eppa do a Mann, tuat 's mi aufweckn, ower wüll jemand die Königstochter davon!' Hott, richti, der Leb, der hot gsogt zum Bärn, sogt er: ' Du wirst wochtn! ' Der Bär sogt zum Wolf: " Du wirst wochtn!" Der Wolf sogt zum Fuchs: ' Du wirst wochtn!" Und der Fuchs sogt zum Hos: ''Du wirst wochtn! ' Und so habm s!' olle eingschlofn, olle Sock und Pock, wos durt worn!</p>
   <p>Jetzt san s’' lang nit kummen nunter, de Zeit is vorüber. Jetzt is von di Könichn, wos den König seine hochn Diener worn, hot sie einer zsammpockt un hot gschaut, wos is mit eana. Jetzt, wie-ra raufkummt, jetzt siecht er sie schlofn durt am Haufn, san sie olle rumglegn und habm gschlofn. Jetzt hot er si denkt: Wort, du wirst jetzt a guats Gschäft mochn! Jetzt is er hin und hot den Jungen den Kopf obschnittn, Und die Königstochter hot er aufgweckt und is mit ihr z' Haus gangan. Und wia die is am Weg ganga, jetzt hot er gsogt zu der Königstochter: ' Wannst z' Haus wos sogn tuast, daß i di nit erlöst hob, so bring i di z' Haus um!" Ihrer wor 's stork lad um den, wos sie derlöst hot; ober sie hot gsegn, daß eam der Kopf oghockt is. Hott, jetzt gengan sie z'! Haus, und wia sie z! Haus kommen die Königstochter hot müassen sogn, daß er sie derlöst hot -; sie hot ober gsogt: ' Aber bis in an Johr an Tog l1oß i mi kopulieren mit eam, ehnder nit!" Jetzt 10ß ma de drunt, jetzt gehn ma zruck, Weil die Viecher munter werdn der Leb is z' erscht munter worn -, jetzt sogt er zum Bären: ''Du host gschlofn, do schau her!' Der Bär sogt, er hot 's in Wolf gsogt, der Wolf sogt, er hot 's in Fuchs gsogt, der Fuchs sogt, er hot 's in Hos gsogt. Jetzt san sie olle übern Hosen her, und der Hos is davonglofn. Jetzt habm s' ’n doch mit schene Wörter zruckgruafn noch amol. Jetzt hobm s' eam gfrogt, wos s' jetzt mochn wern mit unsern Herrn, Jetzt sogt er zu eana, er waaß Kräuter, wenn ma de holt und schmiert eam des Gnack ein und tuat 'n Kopf drauf, so wochst er wieder an, und er is glei bei Lebm! Hott, sogt ans, er soll de holn, aber wia schneller wia besser! So sogt er, des macht nix, do san sieben Länder von do; aber in einer Stund is a do mit! Jetzt is da Hos fuat und hot die Kräuter gholt. In aner Stund wor er mit die Kräuter do! Jetzt habm s! eam die Wunden eingschmiert, des Gnack und in Kopf drauf, is er aufgstandn, hot er glebt! Jetzt hot er gsogt: "Hott, wo is jetzt die Königstochter? ' zu die Viecher. Jetzt sogt er: "Es hobt 's sicher gschlofn olle, und de habm s' gstohln! ' Jetzt sogt er: ' Des mocht ober niks, jetzt können ma nit nuntergehn und uns meldn, jetzt müssn mir a Johr rasn!'" Jetzt habm sie holt fuatgrast in der Welt rum.</p>
   <p> Nochhar, an Johr, in Johr an Tog kummt er wieder zu dem Wirt hin, wo er 's erschte Mol is hinkummen mit seine Viecher. Der Wirt hot eam ober kennt, an de Viecher noch, jetzt sogt er: 'No, wos gibt 's Neichs in der Stodt? ' der Junge. Jetzt sogt er: ' Heint wird der Königstochter ihre Hochzeit; gestern wor 's a Johr, hot sie aner derlest, und der heiratet sie jetzt!'' Jetzt hot er erscht gwußt, daß eam die Königstochter richtig gstohln habm. Jetzt is a holt durt bliebm beim Wirt an Tog, jetzt sogt er, wie dos Gostmohl is am besten gwest in Königshof, sogt er zum Wirt: ' Herr Wirt, von dera Speis, wos de habm, und den Wein wern mia a trinkn und essn!' Zum erschtn hot er in Hos a klans Zegerl (Körbchen) in de Goschn gebn mit an Zettel drin und hot 'n hingschickt. Und der Hos, der is hin und durch die Gäst nein und is untern Tisch nunter und hot an der Braut, an der jungen Königin ihrn Fuß hot er krotzt, (Während er das erzählt, streichelt er meine schreibende Hand, um den Hasen nachzuahmen. ) Die Braut schaut nunter: Es steht a Hos druntn mitter-an Zegerl! Sie nimmt das Zegerl eam aus der Goschn raus, jetzt is a Zettel drin. Sie lest dos Zettel, so steht am Zettel drauf, sie soll von der Hochzeit schickn wos Bäckerei! Und sie hot glei durt Bäckerei zsam, hot 's des Zegerl angfüllt, hot 's in Hosn nuntergebm, und er is zruck mit. Hott, natürli, wie er zrucklaft, san ihm die Hund noch; jo, der is ober iba Grabm und iba Wosser dribergsprungen und is hin zum Wirt. Jetzt, wal er hinkummt zum Wirt, der Wirt verwundert si, wia der Hos so was bringa kann durt. Jetzt sogt der Junge zu eam, der Bursch, sogt er: 'Mir wern no wos anders a essn!'' Jetzt hot er in Fuchs gschickt mit an Zeger., Un der hot aa brocht daß ma nit so lang tan: Hot eam aa a Zegerl gebm, des waaß ma jo!und der is kumma, und hot er gessn. Und dann hot er in Wolf gschickt. Der hot aa brocht, und in Bärn hot er aa gschickt. Der hot aa noch brocht zum Essn und zum Trinkn. Zuletzt is der Leb gangen, und wia der is kommen hin, so hot die Königstochter schon gewußt, daß ihr Erlöser do is, Jo natürlich, wie der bein Tor hot nein wolln, so habm eam die Wächter aufgholtn, habm an nit neinlossn. Der hot aber solche Röhrn gmocht, doß die ganze Burg zittert hot. Und den hot er a Zetterl gschriebe ghobt, sein Herr, von den Wein solln s' eam gebm, wo der König selbst trinkn tuat olle Tog! Jetzt habm s’' 's eam gebm, jetzt hotn der Bär kost, sogt er: ''Der is der Wein nit!' (Die Zuhörer werfen ein 'der Leb!', und er berichtigt, 'aber der Leb!') So hot der Kellermaster gsogt: '' Hott, du wirst mir 's doch nit sogn, wos für an Wein der König trinkt!' Jetzt sogt der Leb zu eam: ' Wannst ma nit von dem gibst, i druck di so zsamm, daß d' vom Leben kummst!" Und der hot immer noch nit wolln, Jetzt hot er 'n dawischt und hot 'n so druckt, daß a ganz grean und schworz is worn. No, do hot er gsogt, er soll ihm lossn, er gibt eam aa no, und do hot er eam gebm von dem Wein, wo der König trinkt. Und der is dann furt zum Wirt gangen mit, und durt habm sie dann trunkn, der Wirt mit dem Königssohn, mit 'n Burschn. No, de Königstochter, de hot schon gwußt an de Viecher, daß ihr Erlöser do is! So hot sie glei Poor Pferd einspanna lossn und hot 'n holn lossn, mittera scheen Kutschn hot s' 'n hinfohrn lossn.</p>
   <p>Jetzt, wia s' hinkommen, jetzt habm si de zwa zsamm gstrittn, der, wo sie gheirat hot, und der, wo kummen is, der Bursch. A jeder hot gsogt, er hot die Königstochter derlöst. Jetzt sogt der: ' Beweis es du, mit wos d' sie dalöst host!' Jo, der hot nix ghobt zum Beweisen! Jetzt hot er das Socktuach rausgnomm von sein Büchssock, woar no ghobt hot, und legt 's hin. Sogt er: 'Do san die zwölf Zungn von de Köpfn! ” Jetzt san die Herrn hin und habm gschaut: Richtig san de Zungn gwest, und in Socktuach worn s' drin und der Ring und de goldene Zopfnodel! Dann habm se gsogt: ' Des is ein Beweis, daß er sie erlöst hot ober beweis du deins!'" Der hot nix ghobt! So habm s' den in Kopf oghockt! So is 's eam gangen, wia ’s er den Jungen hot gmocht am Berg drobn! Dann hot sie der gheirat, die Königstochter.</p>
   <ab>
    <iw:atu a303="a303: Die zwei Bruder"/>
    <iw:atu h303aHD="h303 a: HD Einer der Brüder"/>
    <iw:atu h303bOB="h303 b: OB Derselbe HD"/>
    <iw:atu h303eHF="h303 e: HF Ein anderer Brüder"/>
    <iw:atu m303c="m303 cc: Episode von 300 Der Drachentöter"/>
    <iw:atu m303c="m303 cg: Der HD geht auf die Jagd"/>
    <iw:atu m303c="m303 cn: Der HD trifft auf Behausung des AN/RC"/>
    <iw:atu m303c="m303 cu: Der AN/RC fügt dem HD Schaden zu"/>
   </ab>
   <p> Hott, wor a Jahr ober etwos verheirat mit ihr, dann hot er amol gsogt zu ihr: "Herst, i wer auf der Jogd gehn! ' Sie san furt auf de Jogd. Seine Viecher hot er aa mitgnommen. Und in Wold wor aa so Terrein: Der, wo in den Wold is neikummen, hot nimmer zruck kennen kummen! Natürlich, er hot si mehrere Diener mitgnummen, Und wia sie gjogt habm, so is a Reh kummen, und de hot der König gsegn, der junge do wor er schon König!-, und der is den Reh noch und hot 's wolln schiaßn immer, und des is immer Weiter nein ins Gsträuch und in die Staudn und in Busch und hot 's nit kenna kriega! Und so is er dann neinkummen in den verwunschenen Wold und hot nimmer zruck kennen mitsamt seine Viecher. De san immer mit eam gewest. Jetzt, es wird Nocht, jetzt, seine Diener blosen mit de Jogdhorn; sie finden an ninderscht nit, und er gibt kan Antwart und kummt nit! Jetzt san sie z' Haus.</p>
   <p>Der Junge, der is in Wold rumgangen bis auf d' Nocht. Es wird Nocht, er kann nit weitergehn mehr, es wird finster, Jetzt is a großer dicker Bam gstandn. Unter den Bam hot er si a Feuer gmocht und hot sein Nochtmohl rausgnummen von Büchssackl und hot dortg'essn etwos. Seine Viecher hot er aa a bissl gebm, und dann hot er si hinglegt nebm-an Feuer, Jetzt wiara so liegt, jetzt schreit am Bam obn ans, ein Frauenzimmer: ''Husch, husch, wia kold!'" Jetzt sogt er: "Wann 's da kold is, kumm hinober, warm die!'' Jetzt sogt sie: ''I fircht mi von deine Viecher!' Und dann sogt sie wieder: ' Husch, husch, wia kold!' (Die Frau des Erzählers wirft voll Spannung und Ungeduld ein: 'Des is an Mal aa guat!" Da antwortet er: ' Des is drei Mol; des is drei Mol!'' Dann fährt er fort:) So sogt er: ' Geh runter, warm di, ower so schiaß a di ro!'' So sogt sie: ''I wia a Stawal roschmeißn; wannst mitn Stawal de Viecher raufhaust, dann geh-r-i ro!' Und sie schmeißt des Stawal runter, und er nimmt 's und haut a jeds Viech nauf, und wia des letzte Viech naufhaut, so springt des Stawal zruck und eam an de Stirn: San s'! olle zu Staan gwest! Jetzt kann ma niks mehr mochn, jetzt is gor des, jetzt gehn ma zruck zum andern Bruader.</p>
   <ab>
    <iw:atu m303d="m303 dg: Der Retter erfährt von der Not des HD durch das Lebenszeichen"/>
    <iw:atu m303d="m303 dn: Der Retter kommt zur VB"/>
    <iw:atu m303d="m303 dp: Aufgrund der Ähnlichkeit wird der Retter für seinen Bruder gehalten"/>
    <iw:atu m303d="m303 dr: Der HF legt beim Schlafen eine Waffe zwischen sich und sie"/>
   </ab>
   <p> Der andere Bruader, der kummt zruck zu den dickn Bam hin, wo si sie vonanander ganga san. Der schaut de Schwert an, wos sie neindruckt habm, de Messer, des Jagdmesser. Jetzt is in Bruader seins verrost', ober nit gor stork! Der hot gwußt, daß er in der Gfohr wo is, tot is a und aa nit! Jetzt is er auf den Weg gangen, wo sein Bruader gangen is. Is er auf dera Stodt ankummen. Der geht wieder in den Wirtshaus nein und fraogt, wos Neiks is. So hot eam der Wirt gsogt, es is a Johr, daß a Bursch is herkummen mit solche Viecher ober (oder) is 's er? und der hot die Königstochter gheirat und is auf die Jogd und is verlorn gangen und is jetzt wieder da! Der Wirt hot 'n aa nit kennt, weil er aa de fünf Viecher ghobt hot. Jetzt hot er schon gwußt, daß sein Bruader do zum Finden is. Jetzt is er hin zum König. Jetzt, weil er hinkummt, hot !n de junge Königin de hot richtig glaubt, daß er ihr Mann is, weil aner in andern gleich gsegn hot, Er hot si ober nit verrotn, daß er ihr Mann nit is, Se ham in an Bett gschlofn, und er hot sein Schwert immer zwischn eana neinglegt! Jetzt sogt sie zu eam: ' Wos mochst denn, frieher host des Schwert nit do neinglegt!' Sogt er: ' Loß gehn, i wer 's schon wieder wegnemma an andern Mol!"'</p>
   <ab>
    <iw:atu m303d="m303 dt: Der Retter geht auf die Suche nach dem HD"/>
    <iw:atu m303d="m303 du: Der Retter besiegt den AN/RC"/>
    <iw:atu m303d="m303 dw: Der Retter lässt den Bruder vom AN/RC wiederbeleben"/>
   </ab>
   <p> Jetzt is er sogt er a Mol zun jungen Weib, sogt er, er wird auf Jogd aa gehn so, wia ihr Mann wor, wia der is gangen. Jetzt is er aa auf d' Jogd gangen, hot si Diener mitgnommen viel, san aa mit eam gangen, und den is grod so gangen wia sein Bruader, Den is aa der Rehbock kummen und hot eam aa verführt in den Wold nein, und der is nämlich unter den Bam kummen, wo sein Bruader wor, Ober sein Bruader wor nimmer dort untern Bam! Das Reh hotn verweist, verführt in Wold. Sein Bruader wor ober nimmer untern Bam, mitsamt de Viecher nit! Den hot die olte Heks in an Grabm neingschmissn, Der Grabm wor schon voll mit Leut, Menschen und Viecher verwunschene, des warn lauter Stana! Sein Bruader hat si aa a Feuer gmocht unter den Bam, und jetzt schreit die Heks wieder von Bam ro:'' Husch, husch, wia kold!' Jetzt sogt er: ' Geh runter, warm di!'' Sogt sie: "Ifircht mi von deine Viecher!' Hot sie drei Mol gschrien so wia bei sein Bruader, drei Mol hot sie gschrien des! Wia sie 's dritte Mol schreit, so hot er sein Gwahr glodn mit Brotbrösln, de wo-r-er verstraaft durt hot unterm Bam, stotts Blei, wos er nein hot gebm. Und schiaßt am Bam nauf. Sogt er: ' Du verfluchte Heks!'' schiaßt nauf, und de Heks fallt runter, is blessiert gwest. Hot er zu ihr gsogt: "'Du verfluchte Heks du, wannst ma mein Bruader nit sogst, wo er is und herstellst, so 1oß a di von meine Viecher verreißn auf-a-ra Brotwurschifleisch! ' Sogt sie: ' Des tua nit, i sog da, wo dein Bruader is!'' Hott, is s' ganga mit eam hinunter in den Loch, in den Grabm, und dort is des große, große Loch, wor mit lauter Staner voll, mit lauter Staner, Jetizt hot er zu ihr gsogt: ' Wannst jetzt die Leut nit alle zruckstellst zu eanan Lebm, so wirds glei a Fetzn do liegn, glei loß a di verreißn mit meine Viecher!'' Jetzt hot sie a Stawal gnummen und hot die Viecher olle naufghaut und des Volk, des durt is, so is a jeder bei Lebm gwest. San sie gangen. Jetzt san sie beinander gwest, die zwa Brüader wiederum. San sie z' Haus, habm sie leicht aus den Wold gfunden, der Wold wor erlöst dann. Natürlich, die Heks habm sie verreißn lossn mittare Viecher, und des ganze Volk is z' Haus gangen, a jeder, wo er hot hinghört! Und sie san aa z' Haus.</p>
   <p> Weil sie z' Haus kummen, gehn sie nein in Königshof. Jetzt kummt de junge Königin raus und kennt ihrn Mann nit, weilsie olle zwa gleich gsegn habm, Jetzt der, wos den jungen König sein Bruader wor, der hot des nit glaubt, daß sein Bruader dort hot a Königin gheirat ghobt; jetzt hot er erscht gsegn holt, des muaß doch wohr sein, weil sie kennt uns nit! Jetzt hot sich ihr Mann zu kennen gebm. Und dann, sein Bruader is dort bliebm bei eam, und sein rechtn Voter hot er hinbringen lossn und sein Stiefvoter, den Jager. Und de habm bei eam dann des Gnodnbrot kriagt olle zwa, solang sie glebt habm. Und de Jungen, wann sie nit gstorbm san, so lebm sie heit no.</p>
   
  </body>
 </text>
</TEI>