<TEI xmlns="http://www.tei-c.org/ns/1.0" xmlns:xsi="http://www.w3.org/2001/XMLSchema-instance" xmlns:ed="http://www.dglab.uni-jena.de/atu/ns" xsi:schemaLocation="http://www.tei-c.org/ns/1.0 ../XSD/Schema/tei_all.xsd">
 <teiHeader>
  <fileDesc>
   <titleStmt>
    <title>Die drei Brüder. Georgisches Märchen. Annotiert nach dem Jenaer Schema der Märchenannotation</title>
    <author/>
    <respStmt>
     <resp>Annotiert von Elguja Dadunashvili</resp>
     <name/>
    </respStmt>
    <principal> </principal>
   </titleStmt>
   <editionStmt>
    <edition>Testarbeit im Rahmen des Seminars "Theorie und Praxis der vergleichenden Erzählforschung (digitale Erschließung)", Seminarleiter Elguja Dadunashvili <date>WS 2016/17</date></edition>
   </editionStmt>
   <publicationStmt>
    <publisher>Seminar "Theorie und Praxis der vergleichenden Erzählforschung (digitale Erschließung)" Friedrich-Schiller-Universität Jena</publisher>
    <pubPlace>Jena, Thüringen, Deutschland</pubPlace>
    <date>WS 2016/17</date>
    <availability>
     <p>Die im Rahmen des Seminars "Theorie und Praxis der vergleichenden Erzählforschung (digitale Erschließung)" angefertigte Annotation des Textes inklusive Metadaten wird unter der Lizenz CC0 1.0 Universal veröffentlicht. </p>
     <p>
      <ref target="https://creativecommons.org/publicdomain/zero/1.0/legalcode">Lizenzvertrag</ref>
     </p>
    </availability>
   </publicationStmt>
   <sourceDesc>
    <msDesc>
     <msIdentifier>
      <country>Georgien</country>
      <district>Batumi</district>
      <institution>Archiv für Volksdichtung Berdzenishvili-Institut Batumi</institution>
      <collection>bskifa 15, 30</collection>
      <idno>23594</idno>
     </msIdentifier>
    </msDesc>
   </sourceDesc>
  </fileDesc>
  <profileDesc>
   <textClass>
    <keywords>
     <term>
      <index indexName="ISBN-951-41-0961-9"/>
      <ref target="https://de.wikipedia.org/wiki/Aarne-Thompson-Index"/>
      <ed:atu a301="a301: Die drei geraubten Prinzessinnen"/>
      <ed:atu a300="a300: Drachentöter"/>
      <ed:atu a554="a554: Dankbare Tiere"/>
     </term>
    </keywords>
   </textClass>
   <langUsage>
    <language ident="kat">Georgisch<index indexName="iso639-3"/><ref target="http://www-01.sil.org/iso639-3/codes.asp"/></language>
   </langUsage>
   <creation>
    <placeName>
     <country ref="http://www.geonames.org/614540/georgia.html"/>
     <region>Ajara</region>
     <district>Batumi</district>
     <settlement>Sarpi</settlement>
    </placeName>
    <date>00.12.1958</date>
   </creation>
   <particDesc>
    <person role="Erzähler">
     <persName>
      <forename>Revaz</forename>
      <surname>Vanilishi</surname>
     </persName>
     <sex value="M">mänlich</sex>
     <age>12</age>
     <birth>
      <date/>
      <placeName>
       <country ref="http://www.geonames.org/614540/georgia.html"/>
       <region>Ajara</region>
       <district>Batumi</district>
       <settlement>Sarpi</settlement>
      </placeName>
     </birth>
     <education>Schüler</education>
     <residence>
      <placeName>
       <country ref="http://www.geonames.org/614540/georgia.html"/>
       <region>Ajara</region>
       <district>Batumi</district>
       <settlement>Sarpi</settlement>
      </placeName>
     </residence>
    </person>
    <person role="Feldforscher">
     <persName>
      <surname>Tandilava</surname>
      <forename>Zurab</forename>
     </persName>
     <affiliation>Berdzenishvili-Institut Batumi</affiliation>
    </person>
   </particDesc>
  </profileDesc>
  <encodingDesc>
   <editorialDecl>
    <stdVals>
     <p>Die Annotation beruht auf dem TEI 5 Annotationsstandard ergänzt durch den Namensraum "http://www1.uni-jena.de/dglab/atu/ns". Der Namensraum basiert auf dem extra für die Annotation der Märchentexte ausgearbeiteten XML-Schena "atu.xsd". Dieses gilt als Instrument für die Annotation der Märchentexte nach dem iternationalen Typenkatalog von Aarne-Thompson-Uther. Autor des XML-Schema Elguja Dadunashvili</p>
    </stdVals>
   </editorialDecl>
   <geoDecl>GeoNames</geoDecl>
  </encodingDesc>
 </teiHeader>
 <text>
  <front>
   <p>ბსქიფა 15, 30 მთქმელი: რევაზ მამიასძე ვანლიში ასაქი: 12 წლის დაბადების ადგილი: ბათუმის რაიონი, სოფ. სარფი საცხოვრებელი ადგილი: ბათუმის რაიონი, სოფ. სარფი ჩაწერის ადგილი: ბათუმის რაიონი, სოფ. სარფი ჩამწერი: თანდილავა ზურაბ ჩაწერის თარიღი: 00. 12. 1958 </p>
  </front>
  <body>
   <p>სამი ძმა</p>
   <ab>
    <ed:atu h301aHD="h301 a: HD Der jüngste Brüder"/>
    <ed:atu h301bOB="h301 b: OB Drei Prinzessinnen"/>
    <ed:atu h301cAN="h301 c: AN Das Ungeheuer"/>
    <ed:atu h301gFH="h301 g: FH Die ältere Brüder"/>
    <ed:atu m301a="m301 ag: Motivation bzw. Umstand der Entführung des OB ist nicht erläutert"/>
    <ed:atu m301b="m301 bg: Der HD verfolgt den Dieb des Gartens von AG dessen blutige Spur ihn zum Abgrund führt"/>
    <ed:atu m301b="m301 bn: Der HD wird von FH begleitet"/>
    <ed:atu m301d="m301 dg: Der HD gelangt an den Gefängnisraum des OB"/>
    <ed:atu m301d="m301 dn: Der HD befreit das OB ohne Zweikampf"/>
    <ed:atu m301e="m301 eg: Der HD führt das befreite OB zum FH"/>
    <ed:atu m301e="m301 en: Der FH lässt den HD im Stich"/>
    <ed:atu m301e="m301 ev: Episode zu 300 Der Drachentöter"/>
   </ab>
   <p>იყო სამი ძმა. ამ ძმებს ქონდათ ლეღვის ბაღი. ყოველ წელიწადს ამ ძმებს ლეღვს უჭამდა დევი. მათ არ იცოდენ რა ჭამდა. დაუდგეთ ყარაულადოთქვეს ძმებმა. პირველ ღამეს უფროსი ძმა წავიდა საყარაულოდ. რომ წავიდა, ღამე მოვიდა დევი. უფროს ძმას შეეშინდა და მოვიდა უკან სახში. მეორე ღამეს შუათანა ძმა წავიდა საყარაულოდ. იგიც იყო შუაღამემდე და შეეშინდა და მოვიდა, დევი რომ ნახა. მესამე ღამეს წავიდა უმცროსი ძმა. შუაღამე რომ შეიქნა, დევი მოვიდა. უმცროსი ძმა მივიდა დევთან მოსაკლელად. მან დევი ვერ მოკლა, მაგრამ დაჭრა. გასისხლიანებული დევი წავიდა, გაიქცა. მოვიდა უმცროსი ძმა სახლში. მან ეს ამბავი უთხრა ძმებს. სამივე ძმა წავიდა დევის მოსაკლავად. ისინი მიყვენ დევის სისხლს და დიდ ორმოს მიადგნენ. ორმო ძალიან ღრმა იყო, ზევიდან არაფერი ჩანდა. ჩაუშვეს უფროსი ძმა. მას შეეშინდა და უქან ამოიყვანეს. ჩაუშვეს შუათანა. მასაც შეეშინდა და ამოუშვეს. ბოლოს უმცროსი ჩაუშვეს. მას იქ დახადა სამი ქალი. მას თოკი მიაბა წელზე და ზევიდან ძმებმა ამოათრიეს. ეს უფროსი ქალი იყო და უფროსი ძმისთვის იყო. შემდეგ შუათანა ქალი ამოიყვანეს შუათანა ძმისთვის. უმცროსი ქალი უარს ამბობდა. "ჯერ შენ ადი და შემდეგ მე ავალო,- ეუბნებოდა ბიჭს, უმცროს ძმას,- მე რომ ავიდე და შენ აქ დარჩე, უფროსი ძმები გიღალატებენ, არ აგიყვანებენ და აქ დარჩებიო." უმცროსმა ძმამ არ დაუჯერა და პირველად ამოუშვა. ძმებმა მაგი ძმას, მართლა, უღალატეს და წავიდნენ. უმცროსი ძმა იქ დარჩა ორმოში. </p>
   <ab>
    <ed:atu h300aHD="h300 a: HD Der HD aus dem Typ 301 Die drei geraubten Prinzessinnen"/>
    <ed:atu h300bOB="h300 b: OB Königstochter"/>
    <ed:atu h300cAN="h300 c: AN Der Drache"/>
    <ed:atu h300eHF="h300 e: HF Der HF aus dem Typ 554 Dankbare Tiere"/>
    <ed:atu h300hHO="h300 h: HO Der König"/>
    <ed:atu h300jVB="h300 j: VB Die alte Gastgeberin"/>
    <ed:atu m300a="m300 an: Episode von 301 Die drei geraubten Prinzessinnen"/>
    <ed:atu m300b="m300 bn: Der HD wird vom VB über die Not informiert"/>
    <ed:atu m300c="m300 cg: Der AN gibt Wasser nur für den gewissen Preis her"/>
    <ed:atu m300c="m300 cn: Das OB soll dem AN geopfert werden"/>
    <ed:atu m300d="m300 dg: Der HD geht zum Ort wo das OB geopfert werden soll"/>
    <ed:atu m300e="m300 eg: Der HD tötet den AN"/>
    <ed:atu m300h="m300 hn: Der HD bittet um die Fahrt in die Oberwelt"/>
    <ed:atu m300h="m300 hu: Episode zu 554 Dankbare Tiere"/>
   </ab>
   <ab>
    <ed:atu h554aHD="h554 a: HD Der HD aus dem Typ 301 Die drei geraubten Prinzessinnen"/>
    <ed:atu h554eHF="h554 e: HF Adler"/>
    <ed:atu m554a="m554 ag: Episode von 300 Der Drachentöter"/>
    <ed:atu m554b="m554 bg: Der HD rettet die Junge des HF aus der Lebensgefahr"/>
    <ed:atu m554c="m554 cg: Der HF bietet eine sofortige Hilfe an"/>
    <ed:atu m554e="m554 eg: Episode zu 300 Der Drachentöter"/>
   </ab>
   <p> მან ბევრი იარა. იქ ქვეყანა იყო. დაღამდა და ერთი ხის ძირას დაწვა. მას დილას ბარტყების ხმა მოესმა. გაიხედა, რომ ერთი გველი ადის ხეზე და ის ბარტყები უნდა შეჭამოს. ბიჭმა მოკლა ეს გველი. ჭიჭმა, რომ დაღლილი იყო, ისევ მიიძინა. ამ დროს მოვიდა ერთი არწივი და ბიჭს ფრთები გადააფარა, რომ არ შეცივდესო. რომ გამოიღვიძა ბიჭმა, არწივმა უთხრა: "რა გაგიკეთო, რომ ეს ჩემი შვილები გადამირჩინეო?" "მე ჩემ ქვეყანაში ამიყვანეო" უთხრა ბიჭმა. "ამისათვის სამი ფუთი ხორცი მინდა, წადი, იშოვე და აგიყვანო." წავიდა ბიჭი. ეძებს ხორცს იგი. დადის და დადის. დაიღალა, მოწყურდა. ერთი დედაბრის სახლს მიადგა და წყალი მოთხოვა. "წყალი არ არის, შვილო, ერთი ვეშაპი არის, ის ზის წყალზე და არავის უშვებს. ხვალ მას ხემწიფის გოგოს აძლევენ და მოგვცემს წყალსო." ამ ბიჭმა იარა იარა და იმ წყალთან მივიდა. ეს იყო მეორე დღე. მოვიდა ხალხი, მოიყვანეს ხემწიფის გოგოც და უნდა მისცენ. თურმე, ამ ქვეყანაში არცერთი ქაცი არ ჩანდა, რომელიც შეეძლო იმ გველეშაპის მოკვლა. ეს ბიჭი მივიდა იქ. მოვიდა ხემწიფე და თავისი ხელით აძლევდა ამ გოგოთ, მის გოგოს. ეს ბიჭი დაუდგა წინ ხემწიფეს: "არ მისცე ხემწიფე, ამას მე მოვკლავო." ამ დროს, ეს რომ გაიგონა, გველეშაპმა აწია თავი და ბიჭი უნდა გადაეყლაპა, მაგრამ მან იძრო ხანჯალი და დაარტყა. გველეშაპის თავი განზე გადავარდა. ხალხს ისე გაუხარდა მეტი არ შეიძლება. "რა მოგცე, რას მოითხცოვ სამაგიეროს?</p>
   <ab>
    <ed:atu m300i="m300 ic: Episode von 554 Dankbare Tiere"/>
    <ed:atu m300i="m300 ig: Der HD steigt auf dem Rücken des HF auf und fliegt in die Oberwelt hinauf"/>
    <ed:atu m300i="m300 ii: Am Ende des Fluges futtert der HD den Vogel mit dem eigenen Fleisch"/>
    <ed:atu m300i="m300 ik: Der HF heilt die Wunde"/>
    <ed:atu m300i="m300 iu: Episode zu 301 Die drei geraubten Prinzessinnen"/>
   </ab>
   <p> მითხარი რაც გინდა და მოგცემო",- ხემწიფემ. "სამი ფუთი ხორცი მინდაო" უთხრა ბიჭმა. ხემწიფეს ეს ამბავი გაუკვირდა. ბიჭს კითხა მისი ამბავი. ბიჭმაც უთხრა. ხემწიფემ მისცა სამი ფუთი ხორცი და ბიჭმა მიუტანა არწივს. არწივმა ეს ბიჭი წაიყვანა თავის ქვეყანაში. არა, რომ მიყავდა, არწივს გზაზე ხორცი არ ეყო, გუთავდა. ბიჭმა ფეხზე მოიჭრა ხორცი და არწივს მისცა. არწივმა ეს ხორცი შეინახა. მან მშიერი გაუძლო და ერთი თვის ფრენის შემდეგ მის ქვეყანაში წაიყვანა. დაჯდა არწივი, ბიჭს გამოემშვიდობა. ბიჭი რომ მიდიოდა, არწივი უყურებდა. ბიჭი კოჭლობდა. არწივმა რომ ეს ნახა, მისცა თავისი ხორცი ბიჭს და ბიჭმა მიიწება ეს ხორცი და არ კოჭლობდა. </p>
   <ab>
    <ed:atu m301f="m301 fc: Episode von 300 Der Drachentöter"/>
    <ed:atu m301h="m301 hg: Der FH wird bestraft"/>
    <ed:atu m301h="m301 hn: Der HD heiratet das OB"/>
   </ab>
   <p> ბიჭი წავიდა თავისი სახლში. ძმები სახლში იყვნენ. მან მისი ძმები მოკლა. ქალები გაათხოვა. მისი ქალი შეირთო და დაიწყო ცხოვრება. </p>
  </body>
 </text>
</TEI>