<TEI xmlns="http://www.tei-c.org/ns/1.0" xmlns:xsi="http://www.w3.org/2001/XMLSchema-instance" xmlns:ed="http://www.dglab.uni-jena.de/atu/ns" xsi:schemaLocation="http://www.tei-c.org/ns/1.0 ../XSD/Schema/tei_all.xsd">
 <teiHeader>
  <fileDesc>
   <titleStmt>
    <title>Qender Agha. Georgisches Märchen. Annotiert nach dem Jenaer Schema der Märchenannotation</title>
    <author/>
    <respStmt>
     <resp>Annotiert von Elguja Dadunashvili</resp>
     <name/>
    </respStmt>
    <principal> </principal>
   </titleStmt>
   <editionStmt>
    <edition>Testarbeit im Rahmen des Seminars "Theorie und Praxis der vergleichenden Erzählforschung (digitale Erschließung)", Seminarleiter Elguja Dadunashvili <date>WS 2016/17</date></edition>
   </editionStmt>
   <publicationStmt>
    <publisher>Seminar "Theorie und Praxis der vergleichenden Erzählforschung (digitale Erschließung)" Friedrich-Schiller-Universität Jena</publisher>
    <pubPlace>Jena, Thüringen, Deutschland</pubPlace>
    <date>WS 2016/17</date>
    <availability>
     <p>Die im Rahmen des Seminars "Theorie und Praxis der vergleichenden Erzählforschung (digitale Erschließung)" angefertigte Annotation des Textes inklusive Metadaten wird unter der Lizenz CC0 1.0 Universal veröffentlicht. </p>
     <p>
      <ref target="https://creativecommons.org/publicdomain/zero/1.0/legalcode">Lizenzvertrag</ref>
     </p>
    </availability>
   </publicationStmt>
   <sourceDesc>
    <msDesc>
     <msIdentifier>
      <country>Georgien</country>
      <district>Batumi</district>
      <institution>Archiv für Volksdichtung Berdzenishvili-Institut Batumi</institution>
      <collection>bskifa 3, 129-131</collection>
      <idno>22125</idno>
     </msIdentifier>
    </msDesc>
   </sourceDesc>
  </fileDesc>
  <profileDesc>
   <textClass>
    <keywords>
     <term>
      <index indexName="ISBN-951-41-0961-9"/>
      <ed:atu a300="a300: Drachentöter"/>
     </term>
    </keywords>
   </textClass>
   <langUsage>
    <language ident="kat">Georgisch<index indexName="iso639-3"/><ref target="http://www-01.sil.org/iso639-3/codes.asp"/></language>
   </langUsage>
   <creation>
    <placeName>
     <country ref="http://www.geonames.org/614540/georgia.html">Georgien</country>
     <region>Ajara</region>
     <district>Khulo</district>
     <settlement>Didajara</settlement>
    </placeName>
    <date>1958</date>
   </creation>
   <particDesc>
    <person role="Erzähler">
     <persName>
      <forename>Khozrevanidze</forename>
      <surname>Akhmed</surname>
     </persName>
     <sex value="M">männlich</sex>
     <age/>
     <birth>
      <date/>
      <placeName>
       <country ref="http://www.geonames.org/614540/georgia.html">Georgien</country>
       <region>Ajara</region>
       <district>Khulo</district>
       <settlement>Didajara</settlement>
      </placeName>
     </birth>
     <education/>
     <residence>
      <placeName>
       <country ref="http://www.geonames.org/614540/georgia.html">Georgien</country>
       <region>Ajara</region>
       <district>Khulo</district>
       <settlement>Didajara</settlement>
      </placeName>
     </residence>
    </person>
    <person role="Feldforscher">
     <persName>
      <surname>Matsaberidze</surname>
      <forename>Varlam</forename>
     </persName>
     <affiliation>Berdzenishvili-Institut Batumi</affiliation>
    </person>
   </particDesc>
  </profileDesc>
  <encodingDesc>
   <editorialDecl>
    <stdVals>
     <p>Die Annotation beruht auf dem TEI 5 Annotationsstandard ergänzt durch den Namensraum "http://www.dglab.uni-jena.de/atu/ns". Der Namensraum basiert auf dem extra für die Annotation der Märchentexte ausgearbeiteten XML-Schena "atu.xsd". Dieses gilt als Instrument für die Annotation der Märchentexte nach dem iternationalen Typenkatalog von Aarne-Thompson-Uther. Autor des XML-Schema Elguja Dadunashvili</p>
    </stdVals>
   </editorialDecl>
   <geoDecl>GeoNames</geoDecl>
  </encodingDesc>
 </teiHeader>
 <text>
  <body>
   <p>ყენდერ აღა</p>
   <ab>
    <ed:atu h300aHD="h300 a: HD Ein fauler Mann"/>
    <ed:atu h300bOB="h300 b: OB Ein Mädchen"/>
    <ed:atu h300cAN="h300 c: AN Das Ungeheuer"/>
    <ed:atu h300hHO="h300 h: HO Ein Bewohner der Stadt"/>
    <ed:atu h300jVB="h300 j: VB Derselbe HO"/>
    <ed:atu m300a="m300 ag: Der HD verlässt das Haus wegen der Not"/>
    <ed:atu m300b="m300 bg: Der HD gelangt in ein fremdes Reich bzw. Stadt"/>
    <ed:atu m300b="m300 bn: Der HD wird vom VB über die Not informiert"/>
    <ed:atu m300c="m300 cg: Der AN gibt Wasser nur für den gewissen Preis her"/>
    <ed:atu m300c="m300 cn: Das OB soll dem AN geopfert werden"/>
    <ed:atu m300d="m300 dg: Der HD geht zum Ort wo das OB geopfert werden soll"/>
    <ed:atu m300e="m300 eg: Der HD tötet den AN"/>
    <ed:atu m300h="m300 hg: Der HD nimmt Geld als Belohnung an"/>
   </ab>
   <p>იყო ერთი ყენდერ აღა. ის არის თან ზარმაცი. დაქორწინდა მოიყვანა ცოლი. ამ ცოლს იმან ვერც ჩააცვა, ვერც აჭამა, ვერ დაახურა. შიმშილი დეიწყო, რა ქნას. ამ ქალმა ამ ყენდერ აღას უთხრა: წადი სადმე, მოიგე რამე, მეიტანე, ჩევიცვათ და ვჭამოთ. წავიდა იარა, რამოდენიმე დღე. მიაღწია ერთ ადგილას. ერთ სოფელში მაღლა გორაზე წყალია. ამ წყალს უდგია ერთი დივი. ერთ წვეთს არ გუუშვებს სოფელში. იმ სოფლიდან ეიყვანებენ ერთ ადამიანს საჭმელათ იმ დივს. იმის შეჭმაში წყალს გამოუდენს სოფელში. გახდება ერთი ოჩერეთი. ამსებენ თითო ჭურჭელს და წეიღებენ სახლში. სანამ ერთ კაცს კიდო არ გუგზავნიან წყალს არ გამუუშვებს ქვეით. იმ კაცმა ყენდერ აღამ, რომ მივდა იმ სოფელში, იმ ოჯახში, რომელ ოჯადინაც კაცი უნდა წეიყვანონ შესაჭმელათ. იცის იმ კაცმაც, რომ ესტუმრა იმ ყენდერ აღამ ამ კაცს ოჯახში. ამ ყენდერ აღამ შეეკითხა: რატო ხარ დაღონებულიო. ამან ოუხსნა და ელაპარაკა ასეა, ასეა საქმეო. დილით თუ კაცს არ გუუგზავნით შესაჭმელად წყალს არ გამუუშვებს. დილდას მე ვარ ოჩერეთში მე უნდა შემჭამოს. ყენდერ აღამ უთხრა ამ კაცს: რას მომცემ, რო ის მოვკლა და მოვარჩინო ყველა ხალხი.-რა გინდა ამ ქვეყანაზე მოგცეთო.- მე ფული მინდა მეტი აფერიო. ამ კაცმა უთხრა, ჩემ წონა ფულ მოვაგროვებ და მოგცემო. ამ კაცმა დილას გევდა სოფელში. ასეა, ასეა საქმეო. თუ მომცემთ ფულს, მივცემო ამ კაცს. მოკლავს დივსო. სოფელი დიეთანხმა. ამ ყენდერ აღამ წევდა იმ დითვან მოსაკლავათ. ევიდა ეეპარა, იქიდან, აქედან. ამ დივს ძინამს. გეექანა და ზევიდან შეაჯდა. ამეიღო ეს ხმალი აქ წენზე ერთ წუუქნია თავზე. ერთი რუმ წოუქნია თავზე ვერ მოჭრა მთლიანად. ამ დევმა უთხრა ყენდერ აღას. ერთი კიდევ დამარტყიო (მეორე რო დიერტყა გაცოცხლდებოდა) ამ ყენდერ აღამ უთხრა მე ერთხელ ვარ დაბადებულიო მეტი არაო. ამ დარტყმით მოკლა ის დივი და წამოვა წყალი სოფელში. ჩამოვა ხუხუნით წყალი. სოფელს რო უნდა მიეგროვებია 1.000 მან მოაგროვეს ორი იმდენი. ჩამოვა ეს ყენდერი აღა. ხალხი მოგროვილა ისევ ოჩერეთია. ამ დროს მევიდა ის კაცი რომელიც უნდა შიეჭამა უთხრა ხალხს: ეს წყალი მუდამ ასე იდენს. დივი მოუკლავსო. ახალა რასაც მისცემთ თქვენ იცითო. ამ სოფელმა შეაგროვა ერთი დევე ჭვირთი ფული და გაატანენ ამ ყენდერ აღას სოფელში, სახლში. მივიდა ქალთან გუუხარდა ქალს გაიჩინეს სასმელ საჭმელი. სახლიც გაიკეთეს.</p>
  </body>
 </text>
</TEI>