<TEI xmlns="http://www.tei-c.org/ns/1.0" xmlns:xsi="http://www.w3.org/2001/XMLSchema-instance" xmlns:ed="http://www.dglab.uni-jena.de/atu/ns" xsi:schemaLocation="http://www.tei-c.org/ns/1.0 ../XSD/Schema/tei_all.xsd">
 <teiHeader>
  <fileDesc>
   <titleStmt>
    <title>Ohne Titel. Georgisches Märchen. Annotiert nach dem ConAS</title>
    <author/>
    <respStmt>
     <resp>Annotiert von Elguja Dadunashvili</resp>
     <name/>
    </respStmt>
    <principal> </principal>
   </titleStmt>
   <editionStmt>
    <edition>Testarbeit im Rahmen des Seminars "Theorie und Praxis der vergleichenden Erzählforschung (digitale Erschließung)", Seminarleiter Elguja Dadunashvili <date>WS 2016/17</date></edition>
   </editionStmt>
   <publicationStmt>
    <publisher>Seminar "Theorie und Praxis der vergleichenden Erzählforschung (digitale Erschließung)" Friedrich-Schiller-Universität Jena</publisher>
    <pubPlace>Jena, Thüringen, Deutschland</pubPlace>
    <date>WS 2016/17</date>
    <availability>
     <p>Die im Rahmen des Seminars "Theorie und Praxis der vergleichenden Erzählforschung (digitale Erschließung)" angefertigte Annotation des Textes inklusive Metadaten wird unter der Lizenz CC0 1.0 Universal veröffentlicht. </p>
     <p>
      <ref target="https://creativecommons.org/publicdomain/zero/1.0/legalcode">Lizenzvertrag</ref>
     </p>
    </availability>
   </publicationStmt>
   <sourceDesc>
    <msDesc>
     <msIdentifier>
      <country>Georgien</country>
      <district>Tbilisi</district>
      <institution>Archiv für georgische Volksdichtung</institution>
      <collection>fauf0070 gv2</collection>
      <idno>24101</idno>
     </msIdentifier>
    </msDesc>
   </sourceDesc>
  </fileDesc>
  <profileDesc>
   <textClass>
    <keywords>
     <term>
      <index indexName="ISBN-951-41-0961-9"/>
      <ed:atu a516="a516: Der treue Johannes"/>
      <ed:atu a301="a301: Die drei geraubten Prinzessinnen"/>
      <ed:atu a300="a300: Drachentöter"/>
     </term>
    </keywords>
   </textClass>
   <langUsage>
    <language ident="kat">Georgisch<index indexName="iso639-3"/><ref target="http://www-01.sil.org/iso639-3/codes.asp"/></language>
   </langUsage>
   <creation>
    <placeName>
     <country ref="http://www.geonames.org/614540/georgia.html"/>
     <region>Mtianeti</region>
     <district>Dusheti</district>
     <settlement>Gremiskhevi</settlement>
    </placeName>
    <date>14.02.1888</date>
   </creation>
   <particDesc>
    <person role="Erzähler">
     <persName>
      <forename>Eprem</forename>
      <surname>Godziashvili</surname>
     </persName>
     <sex value="M">männlich</sex>
     <age/>
     <birth>
      <date/>
      <placeName>
       <country>Georgien</country>
       <region>Mtianeti</region>
       <district>Dusheti</district>
       <settlement>Gremiskhevi</settlement>
      </placeName>
     </birth>
     <education/>
     <residence>
      <placeName>
       <country>Georgien</country>
       <region>Mtianeti</region>
       <district>Dusheti</district>
       <settlement>Gremiskhevi</settlement>
      </placeName>
     </residence>
    </person>
    <person role="Feldforscher">
     <persName>
      <surname/>
      <forename/>
     </persName>
     <affiliation/>
    </person>
   </particDesc>
  </profileDesc>
  <encodingDesc>
   <editorialDecl>
    <stdVals>
     <p>Die Annotation beruht auf dem TEI 5 Annotationsstandard ergänzt durch den Namensraum "http://www1.uni-jena.de/dglab/atu/ns". Der Namensraum basiert auf dem extra für die Annotation der Märchentexte ausgearbeiteten XML-Schena "atu.xsd". Dieses gilt als Instrument für die Annotation der Märchentexte nach dem iternationalen Typenkatalog von Aarne-Thompson-Uther. Autor des XML-Schema Elguja Dadunashvili</p>
    </stdVals>
   </editorialDecl>
   <geoDecl>GPS</geoDecl>
  </encodingDesc>
 </teiHeader>
 <text>
  <body>
   <p>
    <ref target="/PDF/fauf0070.pdf#page=2">Textguelle</ref>
   </p>
   <p> ზღაპარი </p>
   <p> იყო ერთი მგალობელი, ღმერთი თქვენი მწყალობელი. იყო ერთი უშვილო ხელმწიფე. იმას გამოეცხადა სიზმარში ერთი ანგელოზი და უთხრა: "შენს ბაღში რომ ერთი ვაშლი დგას, თუ იმაზე ახვალ, შენის ხელით იმ ვაშლის ხიდგან ვაშლს მოჰგლიჯავო, ნახევარს შენ შასჭამო და ნახევარს შენს ცოლს შააჭმევო, მაშინ შვილი გაგიჩნდებაო." იფიქრა ამ ხელმწიფემა, ჯერ ადგილზე ვერ დავდივარო და ამ სიმაღლე ვაშლის ხეზე როგორ ავიდეო, წვერი ცალს მიუბჯენიაო სამი ტოტის მეტი არა აქვსო და თითო ტოტს თითო ვაშლი აბიაო. ადგა იმ ხელმწიფემა და ისეთი დურგალი დაიჭირა, რომა კიბე გააკეთებინა, ისე რომა ასეთი იყო და თავისი ხელით ის ვაშლი მაეგლიჯა. ავიდა ის ხელმწიფე მინამდისინ ავიდოდა, ერთი ვაშლი დაჭიანული მაშინვე ჩამოვარდა; მეორეს ხელი რომ მიატანა, მაშინვე ჩამოვარდა, წიქვილის რუ მოდიოდა, რუში ჩავარდა; მესამეც ხელმწიფემ მოგლიჯა და შინ წაიღო. ერთი უშვილო მჭედლი ცოლი მოვიდა, კოკა მიუდგა ასავსებადა რომელშიაც რუში ვაშლი ჩავარდა, და ის ვაშლი კოკაში ჩავარდა. ამაიღო კოკის ყელიდგანა და დედაკაცმა ის ვაშლი, ჯიბეში ჩაიდო და წამოვიდა შინა,თქვა ამ დედაკაცმა: საღამოს სამჭედლოდგან დაღლილი კაცი მოვაო და იმას შევაჭმევ ამ ვაშლსაო. მოვიდა საღამოზე მჭედელი. ჯიბიდგან ამოიღო დედაკაცმა ვაშლი</p>
   <ab>
    <ed:atu h516aHD="h516 a: HD Königssohn"/>
    <ed:atu h516bOB="h516 b: OB Schwester von Ungeheuerbrüder"/>
    <ed:atu h516dHF="h516 d: HF Durch die conceptia magica gleichzeitig geborener Bruder"/>
    <ed:atu h516eZM="h516 e: ZM Das Haar des OB"/>
    <ed:atu h516eZM="h516 e: ZM Der Ring des OB"/>
    <ed:atu h516eZM="h516 e: ZM Die Anweisung"/>
    <ed:atu h516eZM="h516 e: ZM Die Vorhersage"/>
    <ed:atu h516eZM="h516 e: ZM Lebenswasser"/>
    <ed:atu h516fST="h516 f: ST Dasselbe OB"/>
    <ed:atu h516fST="h516 f: ST Schicksalskündende Vögel"/>
    <ed:atu h516hHO="h516 h: HO Ungehäuerbrüder"/>
    <ed:atu h516kRC="h516 k: RC Eltern vom Gatte"/>
    <ed:atu h301aHD="h301 a: HD Der HF aus dem Typ 516 Der treue Johannes"/>
    <ed:atu h301bOB="h301 b: OB Das OB aus dem Typ 516 Der treue Johannes"/>
    <ed:atu h301cAN="h301 c: AN Das Ungeheuer"/>
    <ed:atu h301eZM="h301 f: ZM Reittiere"/>
    <ed:atu h301gFH="h301 g: FH Dem HD befreundete Gefährten"/>
    <ed:atu h301hHO="h301 h: HO Der HO aus dem Typ 516 Der treue Johannes"/>
    <ed:atu h301iAG="h301 i: AG Derselbe HO"/>
    <ed:atu h301jVB="h301 j: VB Der Hirt [bei der Erkundigung der Hochzeit]"/>
    <ed:atu h300aHD="h300 a: HD Der HF aus dem Typ 516 Der treue Johannes"/>
    <ed:atu h300bOB="h300 b: OB Königstochter"/>
    <ed:atu h300cAN="h300 c: AN Der Drache"/>
    <ed:atu h300hHO="h300 h: HO Der König"/>
    <ed:atu h300jVB="h300 j: VB Die alte Gastgeberin"/>
    <ed:atu h554aHD="h554 a: HD Der HF aus dem Typ 516 Der treue Johannes"/>
    <ed:atu h554eHF="h554 e: HF Vogel"/>
    <ed:atu h554jVB="h554 j: VB Junge des HF"/>
    <ed:atu m516a="m516 an: conceptia magica"/>
    <ed:atu m516b="m516 bg: Der HD verliebt sich ins schwer zu erringende OB nach einer Verwünschung"/>
    <ed:atu m516c="m516 cg: Der HF und der HD kommen ohne weiteres zum HO"/>
    <ed:atu m516d="m516 dq: Der HF löst die vom HO gestellte schwierige Aufgaben"/>
    <ed:atu m516d="m516 ds: Bei der Lösung der schwierigen Aufgaben verwendet der HD das ZM"/>
    <ed:atu m516d="m516 dx: Episode zu 301 Die drei geraubten Prinzessinnen"/>
    <ed:atu m301a="m301 ac: Episode von 516 Der treue Johannes"/>
    <ed:atu m301a="m301 ag: Der AG bricht das Tabu, öffnet ein verschlossenes Zimmer und befreit einen AN der das OB entführt"/>
    <ed:atu m301b="m301 bg: Der HD geht auf die Suche nach OB"/>
    <ed:atu m301b="m301 bn: Der HD schließt unterwegs die Freundschaft mit dem FH"/>
    <ed:atu m301c="m301 cc: Der HD und seine Weggenossen finden einen rauchenden Abgrund"/>
    <ed:atu m301c="m301 cn: Der AN tritt auf und zwingt den FH ihm Essen zu geben, oder schädigt ihn auf andere Weise"/>
    <ed:atu m301c="m301 cu: Der HD totet den AN"/>
    <ed:atu m301d="m301 dd: Der HD steigt in die Unterwelt herab"/>
    <ed:atu m301e="m301 eg: Der HD führt das befreite OB zum FH"/>
    <ed:atu m301e="m301 eo: Die FH ziehen den HD nicht herauf"/>
    <ed:atu m301e="m301 eq: Der ST weißt auf das ZM hin, mit dessen Hilfe der HD auf die Oberwelt kommen kann"/>
    <ed:atu m301e="m301 es: Der HD nimmt ein falsches ZM"/>
    <ed:atu m301f="m301 fc: Episode von 300 Der Drachentöter"/>
    <ed:atu m300a="m300 an: Episode von 301 Die drei geraubten Prinzessinnen"/>
    <ed:atu m300b="m300 bg: Der HD gelangt in die Unterwelt"/>
    <ed:atu m300b="m300 bn: Der HD siht wie das VB statt Wasser Urin benutzt"/>
    <ed:atu m300c="m300 cg: Der AN gibt Wasser nur für den gewissen Preis her"/>
    <ed:atu m300c="m300 cn: Das OB soll dem AN geopfert werden"/>
    <ed:atu m300d="m300 dn: Der HD holt Wasser für VB und geht wieder zum Brunnen"/>
    <ed:atu m300d="m300 du: Beim Warten auf den AN schläft der HD ein"/>
    <ed:atu m300d="m300 dv: Der HD wacht durch das fassungslose Verhalten des OB"/>
    <ed:atu m300e="m300 eg: Der HD tötet den AN"/>
    <ed:atu m300e="m300 ev: Das befreite OB geht zum Elternhaus"/>
    <ed:atu m300f="m300 fh: Der HO überprüft die Wahrheit der erfreulichen Nachricht"/>
    <ed:atu m300f="m300 fl: Der HO lässt die Untertanen dem HD suchen"/>
    <ed:atu m300g="m300 gi: Der HD wird als gesuchter Befreier zum HO gebracht"/>
    <ed:atu m300h="m300 hg: Der HD lehnt den Vorschlag ab, das OB zu Frau zu nehmen"/>
    <ed:atu m300h="m300 hn: Der HD bittet um die Fahrt in die Oberwelt"/>
    <ed:atu m300h="m300 ho: Der HD wird über einen Vogel als möglicher Helfer bei der Fahrt nach Oberwelt informiert"/>
    <ed:atu m300h="m300 hu: Episode zu 554 Dankbare Tiere"/>
    <ed:atu m554a="m554 ag: Episode von 300 Der Drachentöter"/>
    <ed:atu m554b="m554 bg: Der HD rettet die Junge des HF aus der Lebensgefahr"/>
    <ed:atu m554c="m554 cg: Der HF bietet eine sofortige Hilfe an"/>
    <ed:atu m554e="m554 eg: Episode zu 300 Der Drachentöter"/>
    <ed:atu m300i="m300 ic: Episode von 554 Dankbare Tiere"/>
    <ed:atu m300i="m300 if: Der HD nimmt vom HO das Futter für den Helfer bei der Fahrt nach Oberwelt"/>
    <ed:atu m300i="m300 ig: Der HD steigt auf dem Rücken des HF auf und fliegt in die Oberwelt hinauf"/>
    <ed:atu m300i="m300 ii: Am Ende des Fluges futtert der HD den Vogel mit dem eigenen Fleisch"/>
    <ed:atu m300i="m300 ik: Nach der Fahrt gibt der HF dem HD das ZM"/>
    <ed:atu m300i="m300 iu: Episode zu 301 Die drei geraubten Prinzessinnen"/>
    <ed:atu m301f="m301 fc: Episode von 300 Der Drachentöter"/>
    <ed:atu m301g="m301 gd: Der HD erfährt von VB von der Hochzeit"/>
    <ed:atu m301g="m301 gj: Der HD zieht eine ärmliche Kleidung an"/>
    <ed:atu m301g="m301 gn: Der HD geht in die Hochzeit"/>
    <ed:atu m301h="m301 hg: Der FH wird bestraft"/>
    <ed:atu m301h="m301 hn: Der HD bringt das OB dem AG/HO zurück [Das Märchen endet hier]"/>
    <ed:atu m301h="m301 hw: Episode zu 516 Der treue Johannes"/>
    <ed:atu m516e="m516 ec: Episode von 301 Die drei geraubten Prinzessinnen"/>
    <ed:atu m516e="m516 ee: Der HD kehrt zusammen mit dem HF und dem OB zurück"/>
    <ed:atu m516e="m516 eg: Auf dem Rückweg erfährt der HF vom ST, welche Gefahren zu drohen sind und wie man sie abwenden kann"/>
    <ed:atu m516e="m516 ei: Die Lebensgefahr steckt in einem Pferd bzw. Kutsche"/>
    <ed:atu m516e="m516 ei: Die Lebensgefahr steckt in einer Kleidung bzw. Schuhe"/>
    <ed:atu m516e="m516 ei: Die Lebensgefahr steckt in einem wütenden bzw. giftigen, Tier  bzw. übernatürlichen Wesen"/>
    <ed:atu m516e="m516 ej: Bedroht wird der Bräutigan"/>
    <ed:atu m516f="m516 fg: Der HF wendet alle Gefahren ab"/>
    <ed:atu m516f="m516 fi: Die letzte Rettungstat bewirkt den endgültigen Vertrauensverlust"/>
    <ed:atu m516f="m516 fn: Der HF erzählt die Wahrheit und wird versteinert"/>
    <ed:atu m516f="m516 fp: Vor seiner Versteinerung entdekt der HF zufällig ein ZM"/>
    <ed:atu m516g="m516 gg: Das Erlösungsmittel wird durch den Traum vermittelt"/>
    <ed:atu m516g="m516 gn: Das Erlösungsmittel sei das Blut des eigenen Kindes"/>
    <ed:atu m516h="m516 hg: Das Kind wird vom OB getötet"/>
    <ed:atu m516h="m516 hi: Eine von Ertern weiß keinen Bescheit über die Tat der Anderen"/>
    <ed:atu m516i="m516 ig: Der HF wird durch die zufälig entdekte ZM wiederbelebt"/>
   </ab>
   <p> </p>
  </body>
 </text>
</TEI>